yaleB01/yaleB01_P00A+000E+00.pgm;0
yaleB01/yaleB01_P00A+000E+20.pgm;0
yaleB01/yaleB01_P00A+000E+45.pgm;0
yaleB01/yaleB01_P00A+000E+90.pgm;0
yaleB01/yaleB01_P00A+000E-20.pgm;0
yaleB01/yaleB01_P00A+000E-35.pgm;0
yaleB01/yaleB01_P00A+005E+10.pgm;0
yaleB01/yaleB01_P00A+005E-10.pgm;0
yaleB01/yaleB01_P00A+010E+00.pgm;0
yaleB01/yaleB01_P00A+010E-20.pgm;0
yaleB01/yaleB01_P00A+015E+20.pgm;0
yaleB01/yaleB01_P00A+020E+10.pgm;0
yaleB01/yaleB01_P00A+020E-10.pgm;0
yaleB01/yaleB01_P00A+020E-40.pgm;0
yaleB01/yaleB01_P00A+025E+00.pgm;0
yaleB01/yaleB01_P00A+035E+15.pgm;0
yaleB01/yaleB01_P00A+035E+40.pgm;0
yaleB01/yaleB01_P00A+035E+65.pgm;0
yaleB01/yaleB01_P00A+035E-20.pgm;0
yaleB01/yaleB01_P00A+050E+00.pgm;0
yaleB01/yaleB01_P00A+050E-40.pgm;0
yaleB01/yaleB01_P00A+060E+20.pgm;0
yaleB01/yaleB01_P00A+060E-20.pgm;0
yaleB01/yaleB01_P00A+070E+00.pgm;0
yaleB01/yaleB01_P00A+070E+45.pgm;0
yaleB01/yaleB01_P00A+070E-35.pgm;0
yaleB01/yaleB01_P00A+085E+20.pgm;0
yaleB01/yaleB01_P00A+085E-20.pgm;0
yaleB01/yaleB01_P00A+095E+00.pgm;0
yaleB01/yaleB01_P00A+110E+15.pgm;0
yaleB01/yaleB01_P00A+110E+40.pgm;0
yaleB01/yaleB01_P00A+110E+65.pgm;0
yaleB01/yaleB01_P00A+110E-20.pgm;0
yaleB01/yaleB01_P00A+120E+00.pgm;0
yaleB01/yaleB01_P00A+130E+20.pgm;0
yaleB01/yaleB01_P00A-005E+10.pgm;0
yaleB01/yaleB01_P00A-005E-10.pgm;0
yaleB01/yaleB01_P00A-010E+00.pgm;0
yaleB01/yaleB01_P00A-010E-20.pgm;0
yaleB01/yaleB01_P00A-015E+20.pgm;0
yaleB01/yaleB01_P00A-020E+10.pgm;0
yaleB01/yaleB01_P00A-020E-10.pgm;0
yaleB01/yaleB01_P00A-020E-40.pgm;0
yaleB01/yaleB01_P00A-025E+00.pgm;0
yaleB01/yaleB01_P00A-035E+15.pgm;0
yaleB01/yaleB01_P00A-035E+40.pgm;0
yaleB01/yaleB01_P00A-035E+65.pgm;0
yaleB01/yaleB01_P00A-035E-20.pgm;0
yaleB01/yaleB01_P00A-050E+00.pgm;0
yaleB01/yaleB01_P00A-050E-40.pgm;0
yaleB01/yaleB01_P00A-060E+20.pgm;0
yaleB01/yaleB01_P00A-060E-20.pgm;0
yaleB01/yaleB01_P00A-070E+00.pgm;0
yaleB01/yaleB01_P00A-070E+45.pgm;0
yaleB01/yaleB01_P00A-070E-35.pgm;0
yaleB01/yaleB01_P00A-085E+20.pgm;0
yaleB01/yaleB01_P00A-085E-20.pgm;0
yaleB01/yaleB01_P00A-095E+00.pgm;0
yaleB01/yaleB01_P00A-110E+15.pgm;0
yaleB01/yaleB01_P00A-110E+40.pgm;0
yaleB01/yaleB01_P00A-110E+65.pgm;0
yaleB01/yaleB01_P00A-110E-20.pgm;0
yaleB01/yaleB01_P00A-120E+00.pgm;0
yaleB01/yaleB01_P00A-130E+20.pgm;0
yaleB01/yaleB01_P00_Ambient.pgm;0
yaleB02/yaleB02_P00A+000E+00.pgm;1
yaleB02/yaleB02_P00A+000E+20.pgm;1
yaleB02/yaleB02_P00A+000E+45.pgm;1
yaleB02/yaleB02_P00A+000E+90.pgm;1
yaleB02/yaleB02_P00A+000E-20.pgm;1
yaleB02/yaleB02_P00A+000E-35.pgm;1
yaleB02/yaleB02_P00A+005E+10.pgm;1
yaleB02/yaleB02_P00A+005E-10.pgm;1
yaleB02/yaleB02_P00A+010E+00.pgm;1
yaleB02/yaleB02_P00A+010E-20.pgm;1
yaleB02/yaleB02_P00A+015E+20.pgm;1
yaleB02/yaleB02_P00A+020E+10.pgm;1
yaleB02/yaleB02_P00A+020E-10.pgm;1
yaleB02/yaleB02_P00A+020E-40.pgm;1
yaleB02/yaleB02_P00A+025E+00.pgm;1
yaleB02/yaleB02_P00A+035E+15.pgm;1
yaleB02/yaleB02_P00A+035E+40.pgm;1
yaleB02/yaleB02_P00A+035E+65.pgm;1
yaleB02/yaleB02_P00A+035E-20.pgm;1
yaleB02/yaleB02_P00A+050E+00.pgm;1
yaleB02/yaleB02_P00A+050E-40.pgm;1
yaleB02/yaleB02_P00A+060E+20.pgm;1
yaleB02/yaleB02_P00A+060E-20.pgm;1
yaleB02/yaleB02_P00A+070E+00.pgm;1
yaleB02/yaleB02_P00A+070E+45.pgm;1
yaleB02/yaleB02_P00A+070E-35.pgm;1
yaleB02/yaleB02_P00A+085E+20.pgm;1
yaleB02/yaleB02_P00A+085E-20.pgm;1
yaleB02/yaleB02_P00A+095E+00.pgm;1
yaleB02/yaleB02_P00A+110E+15.pgm;1
yaleB02/yaleB02_P00A+110E+40.pgm;1
yaleB02/yaleB02_P00A+110E+65.pgm;1
yaleB02/yaleB02_P00A+110E-20.pgm;1
yaleB02/yaleB02_P00A+120E+00.pgm;1
yaleB02/yaleB02_P00A+130E+20.pgm;1
yaleB02/yaleB02_P00A-005E+10.pgm;1
yaleB02/yaleB02_P00A-005E-10.pgm;1
yaleB02/yaleB02_P00A-010E+00.pgm;1
yaleB02/yaleB02_P00A-010E-20.pgm;1
yaleB02/yaleB02_P00A-015E+20.pgm;1
yaleB02/yaleB02_P00A-020E+10.pgm;1
yaleB02/yaleB02_P00A-020E-10.pgm;1
yaleB02/yaleB02_P00A-020E-40.pgm;1
yaleB02/yaleB02_P00A-025E+00.pgm;1
yaleB02/yaleB02_P00A-035E+15.pgm;1
yaleB02/yaleB02_P00A-035E+40.pgm;1
yaleB02/yaleB02_P00A-035E+65.pgm;1
yaleB02/yaleB02_P00A-035E-20.pgm;1
yaleB02/yaleB02_P00A-050E+00.pgm;1
yaleB02/yaleB02_P00A-050E-40.pgm;1
yaleB02/yaleB02_P00A-060E+20.pgm;1
yaleB02/yaleB02_P00A-060E-20.pgm;1
yaleB02/yaleB02_P00A-070E+00.pgm;1
yaleB02/yaleB02_P00A-070E+45.pgm;1
yaleB02/yaleB02_P00A-070E-35.pgm;1
yaleB02/yaleB02_P00A-085E+20.pgm;1
yaleB02/yaleB02_P00A-085E-20.pgm;1
yaleB02/yaleB02_P00A-095E+00.pgm;1
yaleB02/yaleB02_P00A-110E+15.pgm;1
yaleB02/yaleB02_P00A-110E+40.pgm;1
yaleB02/yaleB02_P00A-110E+65.pgm;1
yaleB02/yaleB02_P00A-110E-20.pgm;1
yaleB02/yaleB02_P00A-120E+00.pgm;1
yaleB02/yaleB02_P00A-130E+20.pgm;1
yaleB02/yaleB02_P00_Ambient.pgm;1
yaleB03/yaleB03_P00A+000E+00.pgm;2
yaleB03/yaleB03_P00A+000E+20.pgm;2
yaleB03/yaleB03_P00A+000E+45.pgm;2
yaleB03/yaleB03_P00A+000E+90.pgm;2
yaleB03/yaleB03_P00A+000E-20.pgm;2
yaleB03/yaleB03_P00A+000E-35.pgm;2
yaleB03/yaleB03_P00A+005E+10.pgm;2
yaleB03/yaleB03_P00A+005E-10.pgm;2
yaleB03/yaleB03_P00A+010E+00.pgm;2
yaleB03/yaleB03_P00A+010E-20.pgm;2
yaleB03/yaleB03_P00A+015E+20.pgm;2
yaleB03/yaleB03_P00A+020E+10.pgm;2
yaleB03/yaleB03_P00A+020E-10.pgm;2
yaleB03/yaleB03_P00A+020E-40.pgm;2
yaleB03/yaleB03_P00A+025E+00.pgm;2
yaleB03/yaleB03_P00A+035E+15.pgm;2
yaleB03/yaleB03_P00A+035E+40.pgm;2
yaleB03/yaleB03_P00A+035E+65.pgm;2
yaleB03/yaleB03_P00A+035E-20.pgm;2
yaleB03/yaleB03_P00A+050E+00.pgm;2
yaleB03/yaleB03_P00A+050E-40.pgm;2
yaleB03/yaleB03_P00A+060E+20.pgm;2
yaleB03/yaleB03_P00A+060E-20.pgm;2
yaleB03/yaleB03_P00A+070E+00.pgm;2
yaleB03/yaleB03_P00A+070E+45.pgm;2
yaleB03/yaleB03_P00A+070E-35.pgm;2
yaleB03/yaleB03_P00A+085E+20.pgm;2
yaleB03/yaleB03_P00A+085E-20.pgm;2
yaleB03/yaleB03_P00A+095E+00.pgm;2
yaleB03/yaleB03_P00A+110E+15.pgm;2
yaleB03/yaleB03_P00A+110E+40.pgm;2
yaleB03/yaleB03_P00A+110E+65.pgm;2
yaleB03/yaleB03_P00A+110E-20.pgm;2
yaleB03/yaleB03_P00A+120E+00.pgm;2
yaleB03/yaleB03_P00A+130E+20.pgm;2
yaleB03/yaleB03_P00A-005E+10.pgm;2
yaleB03/yaleB03_P00A-005E-10.pgm;2
yaleB03/yaleB03_P00A-010E+00.pgm;2
yaleB03/yaleB03_P00A-010E-20.pgm;2
yaleB03/yaleB03_P00A-015E+20.pgm;2
yaleB03/yaleB03_P00A-020E+10.pgm;2
yaleB03/yaleB03_P00A-020E-10.pgm;2
yaleB03/yaleB03_P00A-020E-40.pgm;2
yaleB03/yaleB03_P00A-025E+00.pgm;2
yaleB03/yaleB03_P00A-035E+15.pgm;2
yaleB03/yaleB03_P00A-035E+40.pgm;2
yaleB03/yaleB03_P00A-035E+65.pgm;2
yaleB03/yaleB03_P00A-035E-20.pgm;2
yaleB03/yaleB03_P00A-050E+00.pgm;2
yaleB03/yaleB03_P00A-050E-40.pgm;2
yaleB03/yaleB03_P00A-060E+20.pgm;2
yaleB03/yaleB03_P00A-060E-20.pgm;2
yaleB03/yaleB03_P00A-070E+00.pgm;2
yaleB03/yaleB03_P00A-070E+45.pgm;2
yaleB03/yaleB03_P00A-070E-35.pgm;2
yaleB03/yaleB03_P00A-085E+20.pgm;2
yaleB03/yaleB03_P00A-085E-20.pgm;2
yaleB03/yaleB03_P00A-095E+00.pgm;2
yaleB03/yaleB03_P00A-110E+15.pgm;2
yaleB03/yaleB03_P00A-110E+40.pgm;2
yaleB03/yaleB03_P00A-110E+65.pgm;2
yaleB03/yaleB03_P00A-110E-20.pgm;2
yaleB03/yaleB03_P00A-120E+00.pgm;2
yaleB03/yaleB03_P00A-130E+20.pgm;2
yaleB03/yaleB03_P00_Ambient.pgm;2
yaleB04/yaleB04_P00A+000E+00.pgm;3
yaleB04/yaleB04_P00A+000E+20.pgm;3
yaleB04/yaleB04_P00A+000E+45.pgm;3
yaleB04/yaleB04_P00A+000E+90.pgm;3
yaleB04/yaleB04_P00A+000E-20.pgm;3
yaleB04/yaleB04_P00A+000E-35.pgm;3
yaleB04/yaleB04_P00A+005E+10.pgm;3
yaleB04/yaleB04_P00A+005E-10.pgm;3
yaleB04/yaleB04_P00A+010E+00.pgm;3
yaleB04/yaleB04_P00A+010E-20.pgm;3
yaleB04/yaleB04_P00A+015E+20.pgm;3
yaleB04/yaleB04_P00A+020E+10.pgm;3
yaleB04/yaleB04_P00A+020E-10.pgm;3
yaleB04/yaleB04_P00A+020E-40.pgm;3
yaleB04/yaleB04_P00A+025E+00.pgm;3
yaleB04/yaleB04_P00A+035E+15.pgm;3
yaleB04/yaleB04_P00A+035E+40.pgm;3
yaleB04/yaleB04_P00A+035E+65.pgm;3
yaleB04/yaleB04_P00A+035E-20.pgm;3
yaleB04/yaleB04_P00A+050E+00.pgm;3
yaleB04/yaleB04_P00A+050E-40.pgm;3
yaleB04/yaleB04_P00A+060E+20.pgm;3
yaleB04/yaleB04_P00A+060E-20.pgm;3
yaleB04/yaleB04_P00A+070E+00.pgm;3
yaleB04/yaleB04_P00A+070E+45.pgm;3
yaleB04/yaleB04_P00A+070E-35.pgm;3
yaleB04/yaleB04_P00A+085E+20.pgm;3
yaleB04/yaleB04_P00A+085E-20.pgm;3
yaleB04/yaleB04_P00A+095E+00.pgm;3
yaleB04/yaleB04_P00A+110E+15.pgm;3
yaleB04/yaleB04_P00A+110E+40.pgm;3
yaleB04/yaleB04_P00A+110E+65.pgm;3
yaleB04/yaleB04_P00A+110E-20.pgm;3
yaleB04/yaleB04_P00A+120E+00.pgm;3
yaleB04/yaleB04_P00A+130E+20.pgm;3
yaleB04/yaleB04_P00A-005E+10.pgm;3
yaleB04/yaleB04_P00A-005E-10.pgm;3
yaleB04/yaleB04_P00A-010E+00.pgm;3
yaleB04/yaleB04_P00A-010E-20.pgm;3
yaleB04/yaleB04_P00A-015E+20.pgm;3
yaleB04/yaleB04_P00A-020E+10.pgm;3
yaleB04/yaleB04_P00A-020E-10.pgm;3
yaleB04/yaleB04_P00A-020E-40.pgm;3
yaleB04/yaleB04_P00A-025E+00.pgm;3
yaleB04/yaleB04_P00A-035E+15.pgm;3
yaleB04/yaleB04_P00A-035E+40.pgm;3
yaleB04/yaleB04_P00A-035E+65.pgm;3
yaleB04/yaleB04_P00A-035E-20.pgm;3
yaleB04/yaleB04_P00A-050E+00.pgm;3
yaleB04/yaleB04_P00A-050E-40.pgm;3
yaleB04/yaleB04_P00A-060E+20.pgm;3
yaleB04/yaleB04_P00A-060E-20.pgm;3
yaleB04/yaleB04_P00A-070E+00.pgm;3
yaleB04/yaleB04_P00A-070E+45.pgm;3
yaleB04/yaleB04_P00A-070E-35.pgm;3
yaleB04/yaleB04_P00A-085E+20.pgm;3
yaleB04/yaleB04_P00A-085E-20.pgm;3
yaleB04/yaleB04_P00A-095E+00.pgm;3
yaleB04/yaleB04_P00A-110E+15.pgm;3
yaleB04/yaleB04_P00A-110E+40.pgm;3
yaleB04/yaleB04_P00A-110E+65.pgm;3
yaleB04/yaleB04_P00A-110E-20.pgm;3
yaleB04/yaleB04_P00A-120E+00.pgm;3
yaleB04/yaleB04_P00A-130E+20.pgm;3
yaleB04/yaleB04_P00_Ambient.pgm;3
yaleB05/yaleB05_P00A+000E+00.pgm;4
yaleB05/yaleB05_P00A+000E+20.pgm;4
yaleB05/yaleB05_P00A+000E+45.pgm;4
yaleB05/yaleB05_P00A+000E+90.pgm;4
yaleB05/yaleB05_P00A+000E-20.pgm;4
yaleB05/yaleB05_P00A+000E-35.pgm;4
yaleB05/yaleB05_P00A+005E+10.pgm;4
yaleB05/yaleB05_P00A+005E-10.pgm;4
yaleB05/yaleB05_P00A+010E+00.pgm;4
yaleB05/yaleB05_P00A+010E-20.pgm;4
yaleB05/yaleB05_P00A+015E+20.pgm;4
yaleB05/yaleB05_P00A+020E+10.pgm;4
yaleB05/yaleB05_P00A+020E-10.pgm;4
yaleB05/yaleB05_P00A+020E-40.pgm;4
yaleB05/yaleB05_P00A+025E+00.pgm;4
yaleB05/yaleB05_P00A+035E+15.pgm;4
yaleB05/yaleB05_P00A+035E+40.pgm;4
yaleB05/yaleB05_P00A+035E+65.pgm;4
yaleB05/yaleB05_P00A+035E-20.pgm;4
yaleB05/yaleB05_P00A+050E+00.pgm;4
yaleB05/yaleB05_P00A+050E-40.pgm;4
yaleB05/yaleB05_P00A+060E+20.pgm;4
yaleB05/yaleB05_P00A+060E-20.pgm;4
yaleB05/yaleB05_P00A+070E+00.pgm;4
yaleB05/yaleB05_P00A+070E+45.pgm;4
yaleB05/yaleB05_P00A+070E-35.pgm;4
yaleB05/yaleB05_P00A+085E+20.pgm;4
yaleB05/yaleB05_P00A+085E-20.pgm;4
yaleB05/yaleB05_P00A+095E+00.pgm;4
yaleB05/yaleB05_P00A+110E+15.pgm;4
yaleB05/yaleB05_P00A+110E+40.pgm;4
yaleB05/yaleB05_P00A+110E+65.pgm;4
yaleB05/yaleB05_P00A+110E-20.pgm;4
yaleB05/yaleB05_P00A+120E+00.pgm;4
yaleB05/yaleB05_P00A+130E+20.pgm;4
yaleB05/yaleB05_P00A-005E+10.pgm;4
yaleB05/yaleB05_P00A-005E-10.pgm;4
yaleB05/yaleB05_P00A-010E+00.pgm;4
yaleB05/yaleB05_P00A-010E-20.pgm;4
yaleB05/yaleB05_P00A-015E+20.pgm;4
yaleB05/yaleB05_P00A-020E+10.pgm;4
yaleB05/yaleB05_P00A-020E-10.pgm;4
yaleB05/yaleB05_P00A-020E-40.pgm;4
yaleB05/yaleB05_P00A-025E+00.pgm;4
yaleB05/yaleB05_P00A-035E+15.pgm;4
yaleB05/yaleB05_P00A-035E+40.pgm;4
yaleB05/yaleB05_P00A-035E+65.pgm;4
yaleB05/yaleB05_P00A-035E-20.pgm;4
yaleB05/yaleB05_P00A-050E+00.pgm;4
yaleB05/yaleB05_P00A-050E-40.pgm;4
yaleB05/yaleB05_P00A-060E+20.pgm;4
yaleB05/yaleB05_P00A-060E-20.pgm;4
yaleB05/yaleB05_P00A-070E+00.pgm;4
yaleB05/yaleB05_P00A-070E+45.pgm;4
yaleB05/yaleB05_P00A-070E-35.pgm;4
yaleB05/yaleB05_P00A-085E+20.pgm;4
yaleB05/yaleB05_P00A-085E-20.pgm;4
yaleB05/yaleB05_P00A-095E+00.pgm;4
yaleB05/yaleB05_P00A-110E+15.pgm;4
yaleB05/yaleB05_P00A-110E+40.pgm;4
yaleB05/yaleB05_P00A-110E+65.pgm;4
yaleB05/yaleB05_P00A-110E-20.pgm;4
yaleB05/yaleB05_P00A-120E+00.pgm;4
yaleB05/yaleB05_P00A-130E+20.pgm;4
yaleB05/yaleB05_P00_Ambient.pgm;4
yaleB06/yaleB06_P00A+000E+00.pgm;5
yaleB06/yaleB06_P00A+000E+20.pgm;5
yaleB06/yaleB06_P00A+000E+45.pgm;5
yaleB06/yaleB06_P00A+000E+90.pgm;5
yaleB06/yaleB06_P00A+000E-20.pgm;5
yaleB06/yaleB06_P00A+000E-35.pgm;5
yaleB06/yaleB06_P00A+005E+10.pgm;5
yaleB06/yaleB06_P00A+005E-10.pgm;5
yaleB06/yaleB06_P00A+010E+00.pgm;5
yaleB06/yaleB06_P00A+010E-20.pgm;5
yaleB06/yaleB06_P00A+015E+20.pgm;5
yaleB06/yaleB06_P00A+020E+10.pgm;5
yaleB06/yaleB06_P00A+020E-10.pgm;5
yaleB06/yaleB06_P00A+020E-40.pgm;5
yaleB06/yaleB06_P00A+025E+00.pgm;5
yaleB06/yaleB06_P00A+035E+15.pgm;5
yaleB06/yaleB06_P00A+035E+40.pgm;5
yaleB06/yaleB06_P00A+035E+65.pgm;5
yaleB06/yaleB06_P00A+035E-20.pgm;5
yaleB06/yaleB06_P00A+050E+00.pgm;5
yaleB06/yaleB06_P00A+050E-40.pgm;5
yaleB06/yaleB06_P00A+060E+20.pgm;5
yaleB06/yaleB06_P00A+060E-20.pgm;5
yaleB06/yaleB06_P00A+070E+00.pgm;5
yaleB06/yaleB06_P00A+070E+45.pgm;5
yaleB06/yaleB06_P00A+070E-35.pgm;5
yaleB06/yaleB06_P00A+085E+20.pgm;5
yaleB06/yaleB06_P00A+085E-20.pgm;5
yaleB06/yaleB06_P00A+095E+00.pgm;5
yaleB06/yaleB06_P00A+110E+15.pgm;5
yaleB06/yaleB06_P00A+110E+40.pgm;5
yaleB06/yaleB06_P00A+110E+65.pgm;5
yaleB06/yaleB06_P00A+110E-20.pgm;5
yaleB06/yaleB06_P00A+120E+00.pgm;5
yaleB06/yaleB06_P00A+130E+20.pgm;5
yaleB06/yaleB06_P00A-005E+10.pgm;5
yaleB06/yaleB06_P00A-005E-10.pgm;5
yaleB06/yaleB06_P00A-010E+00.pgm;5
yaleB06/yaleB06_P00A-010E-20.pgm;5
yaleB06/yaleB06_P00A-015E+20.pgm;5
yaleB06/yaleB06_P00A-020E+10.pgm;5
yaleB06/yaleB06_P00A-020E-10.pgm;5
yaleB06/yaleB06_P00A-020E-40.pgm;5
yaleB06/yaleB06_P00A-025E+00.pgm;5
yaleB06/yaleB06_P00A-035E+15.pgm;5
yaleB06/yaleB06_P00A-035E+40.pgm;5
yaleB06/yaleB06_P00A-035E+65.pgm;5
yaleB06/yaleB06_P00A-035E-20.pgm;5
yaleB06/yaleB06_P00A-050E+00.pgm;5
yaleB06/yaleB06_P00A-050E-40.pgm;5
yaleB06/yaleB06_P00A-060E+20.pgm;5
yaleB06/yaleB06_P00A-060E-20.pgm;5
yaleB06/yaleB06_P00A-070E+00.pgm;5
yaleB06/yaleB06_P00A-070E+45.pgm;5
yaleB06/yaleB06_P00A-070E-35.pgm;5
yaleB06/yaleB06_P00A-085E+20.pgm;5
yaleB06/yaleB06_P00A-085E-20.pgm;5
yaleB06/yaleB06_P00A-095E+00.pgm;5
yaleB06/yaleB06_P00A-110E+15.pgm;5
yaleB06/yaleB06_P00A-110E+40.pgm;5
yaleB06/yaleB06_P00A-110E+65.pgm;5
yaleB06/yaleB06_P00A-110E-20.pgm;5
yaleB06/yaleB06_P00A-120E+00.pgm;5
yaleB06/yaleB06_P00A-130E+20.pgm;5
yaleB06/yaleB06_P00_Ambient.pgm;5
yaleB07/yaleB07_P00A+000E+00.pgm;6
yaleB07/yaleB07_P00A+000E+20.pgm;6
yaleB07/yaleB07_P00A+000E+45.pgm;6
yaleB07/yaleB07_P00A+000E+90.pgm;6
yaleB07/yaleB07_P00A+000E-20.pgm;6
yaleB07/yaleB07_P00A+000E-35.pgm;6
yaleB07/yaleB07_P00A+005E+10.pgm;6
yaleB07/yaleB07_P00A+005E-10.pgm;6
yaleB07/yaleB07_P00A+010E+00.pgm;6
yaleB07/yaleB07_P00A+010E-20.pgm;6
yaleB07/yaleB07_P00A+015E+20.pgm;6
yaleB07/yaleB07_P00A+020E+10.pgm;6
yaleB07/yaleB07_P00A+020E-10.pgm;6
yaleB07/yaleB07_P00A+020E-40.pgm;6
yaleB07/yaleB07_P00A+025E+00.pgm;6
yaleB07/yaleB07_P00A+035E+15.pgm;6
yaleB07/yaleB07_P00A+035E+40.pgm;6
yaleB07/yaleB07_P00A+035E+65.pgm;6
yaleB07/yaleB07_P00A+035E-20.pgm;6
yaleB07/yaleB07_P00A+050E+00.pgm;6
yaleB07/yaleB07_P00A+050E-40.pgm;6
yaleB07/yaleB07_P00A+060E+20.pgm;6
yaleB07/yaleB07_P00A+060E-20.pgm;6
yaleB07/yaleB07_P00A+070E+00.pgm;6
yaleB07/yaleB07_P00A+070E+45.pgm;6
yaleB07/yaleB07_P00A+070E-35.pgm;6
yaleB07/yaleB07_P00A+085E+20.pgm;6
yaleB07/yaleB07_P00A+085E-20.pgm;6
yaleB07/yaleB07_P00A+095E+00.pgm;6
yaleB07/yaleB07_P00A+110E+15.pgm;6
yaleB07/yaleB07_P00A+110E+40.pgm;6
yaleB07/yaleB07_P00A+110E+65.pgm;6
yaleB07/yaleB07_P00A+110E-20.pgm;6
yaleB07/yaleB07_P00A+120E+00.pgm;6
yaleB07/yaleB07_P00A+130E+20.pgm;6
yaleB07/yaleB07_P00A-005E+10.pgm;6
yaleB07/yaleB07_P00A-005E-10.pgm;6
yaleB07/yaleB07_P00A-010E+00.pgm;6
yaleB07/yaleB07_P00A-010E-20.pgm;6
yaleB07/yaleB07_P00A-015E+20.pgm;6
yaleB07/yaleB07_P00A-020E+10.pgm;6
yaleB07/yaleB07_P00A-020E-10.pgm;6
yaleB07/yaleB07_P00A-020E-40.pgm;6
yaleB07/yaleB07_P00A-025E+00.pgm;6
yaleB07/yaleB07_P00A-035E+15.pgm;6
yaleB07/yaleB07_P00A-035E+40.pgm;6
yaleB07/yaleB07_P00A-035E+65.pgm;6
yaleB07/yaleB07_P00A-035E-20.pgm;6
yaleB07/yaleB07_P00A-050E+00.pgm;6
yaleB07/yaleB07_P00A-050E-40.pgm;6
yaleB07/yaleB07_P00A-060E+20.pgm;6
yaleB07/yaleB07_P00A-060E-20.pgm;6
yaleB07/yaleB07_P00A-070E+00.pgm;6
yaleB07/yaleB07_P00A-070E+45.pgm;6
yaleB07/yaleB07_P00A-070E-35.pgm;6
yaleB07/yaleB07_P00A-085E+20.pgm;6
yaleB07/yaleB07_P00A-085E-20.pgm;6
yaleB07/yaleB07_P00A-095E+00.pgm;6
yaleB07/yaleB07_P00A-110E+15.pgm;6
yaleB07/yaleB07_P00A-110E+40.pgm;6
yaleB07/yaleB07_P00A-110E+65.pgm;6
yaleB07/yaleB07_P00A-110E-20.pgm;6
yaleB07/yaleB07_P00A-120E+00.pgm;6
yaleB07/yaleB07_P00A-130E+20.pgm;6
yaleB07/yaleB07_P00_Ambient.pgm;6
yaleB08/yaleB08_P00A+000E+00.pgm;7
yaleB08/yaleB08_P00A+000E+20.pgm;7
yaleB08/yaleB08_P00A+000E+45.pgm;7
yaleB08/yaleB08_P00A+000E+90.pgm;7
yaleB08/yaleB08_P00A+000E-20.pgm;7
yaleB08/yaleB08_P00A+000E-35.pgm;7
yaleB08/yaleB08_P00A+005E+10.pgm;7
yaleB08/yaleB08_P00A+005E-10.pgm;7
yaleB08/yaleB08_P00A+010E+00.pgm;7
yaleB08/yaleB08_P00A+010E-20.pgm;7
yaleB08/yaleB08_P00A+015E+20.pgm;7
yaleB08/yaleB08_P00A+020E+10.pgm;7
yaleB08/yaleB08_P00A+020E-10.pgm;7
yaleB08/yaleB08_P00A+020E-40.pgm;7
yaleB08/yaleB08_P00A+025E+00.pgm;7
yaleB08/yaleB08_P00A+035E+15.pgm;7
yaleB08/yaleB08_P00A+035E+40.pgm;7
yaleB08/yaleB08_P00A+035E+65.pgm;7
yaleB08/yaleB08_P00A+035E-20.pgm;7
yaleB08/yaleB08_P00A+050E+00.pgm;7
yaleB08/yaleB08_P00A+050E-40.pgm;7
yaleB08/yaleB08_P00A+060E+20.pgm;7
yaleB08/yaleB08_P00A+060E-20.pgm;7
yaleB08/yaleB08_P00A+070E+00.pgm;7
yaleB08/yaleB08_P00A+070E+45.pgm;7
yaleB08/yaleB08_P00A+070E-35.pgm;7
yaleB08/yaleB08_P00A+085E+20.pgm;7
yaleB08/yaleB08_P00A+085E-20.pgm;7
yaleB08/yaleB08_P00A+095E+00.pgm;7
yaleB08/yaleB08_P00A+110E+15.pgm;7
yaleB08/yaleB08_P00A+110E+40.pgm;7
yaleB08/yaleB08_P00A+110E+65.pgm;7
yaleB08/yaleB08_P00A+110E-20.pgm;7
yaleB08/yaleB08_P00A+120E+00.pgm;7
yaleB08/yaleB08_P00A+130E+20.pgm;7
yaleB08/yaleB08_P00A-005E+10.pgm;7
yaleB08/yaleB08_P00A-005E-10.pgm;7
yaleB08/yaleB08_P00A-010E+00.pgm;7
yaleB08/yaleB08_P00A-010E-20.pgm;7
yaleB08/yaleB08_P00A-015E+20.pgm;7
yaleB08/yaleB08_P00A-020E+10.pgm;7
yaleB08/yaleB08_P00A-020E-10.pgm;7
yaleB08/yaleB08_P00A-020E-40.pgm;7
yaleB08/yaleB08_P00A-025E+00.pgm;7
yaleB08/yaleB08_P00A-035E+15.pgm;7
yaleB08/yaleB08_P00A-035E+40.pgm;7
yaleB08/yaleB08_P00A-035E+65.pgm;7
yaleB08/yaleB08_P00A-035E-20.pgm;7
yaleB08/yaleB08_P00A-050E+00.pgm;7
yaleB08/yaleB08_P00A-050E-40.pgm;7
yaleB08/yaleB08_P00A-060E+20.pgm;7
yaleB08/yaleB08_P00A-060E-20.pgm;7
yaleB08/yaleB08_P00A-070E+00.pgm;7
yaleB08/yaleB08_P00A-070E+45.pgm;7
yaleB08/yaleB08_P00A-070E-35.pgm;7
yaleB08/yaleB08_P00A-085E+20.pgm;7
yaleB08/yaleB08_P00A-085E-20.pgm;7
yaleB08/yaleB08_P00A-095E+00.pgm;7
yaleB08/yaleB08_P00A-110E+15.pgm;7
yaleB08/yaleB08_P00A-110E+40.pgm;7
yaleB08/yaleB08_P00A-110E+65.pgm;7
yaleB08/yaleB08_P00A-110E-20.pgm;7
yaleB08/yaleB08_P00A-120E+00.pgm;7
yaleB08/yaleB08_P00A-130E+20.pgm;7
yaleB08/yaleB08_P00_Ambient.pgm;7
yaleB09/yaleB09_P00A+000E+00.pgm;8
yaleB09/yaleB09_P00A+000E+20.pgm;8
yaleB09/yaleB09_P00A+000E+45.pgm;8
yaleB09/yaleB09_P00A+000E+90.pgm;8
yaleB09/yaleB09_P00A+000E-20.pgm;8
yaleB09/yaleB09_P00A+000E-35.pgm;8
yaleB09/yaleB09_P00A+005E+10.pgm;8
yaleB09/yaleB09_P00A+005E-10.pgm;8
yaleB09/yaleB09_P00A+010E+00.pgm;8
yaleB09/yaleB09_P00A+010E-20.pgm;8
yaleB09/yaleB09_P00A+015E+20.pgm;8
yaleB09/yaleB09_P00A+020E+10.pgm;8
yaleB09/yaleB09_P00A+020E-10.pgm;8
yaleB09/yaleB09_P00A+020E-40.pgm;8
yaleB09/yaleB09_P00A+025E+00.pgm;8
yaleB09/yaleB09_P00A+035E+15.pgm;8
yaleB09/yaleB09_P00A+035E+40.pgm;8
yaleB09/yaleB09_P00A+035E+65.pgm;8
yaleB09/yaleB09_P00A+035E-20.pgm;8
yaleB09/yaleB09_P00A+050E+00.pgm;8
yaleB09/yaleB09_P00A+050E-40.pgm;8
yaleB09/yaleB09_P00A+060E+20.pgm;8
yaleB09/yaleB09_P00A+060E-20.pgm;8
yaleB09/yaleB09_P00A+070E+00.pgm;8
yaleB09/yaleB09_P00A+070E+45.pgm;8
yaleB09/yaleB09_P00A+070E-35.pgm;8
yaleB09/yaleB09_P00A+085E+20.pgm;8
yaleB09/yaleB09_P00A+085E-20.pgm;8
yaleB09/yaleB09_P00A+095E+00.pgm;8
yaleB09/yaleB09_P00A+110E+15.pgm;8
yaleB09/yaleB09_P00A+110E+40.pgm;8
yaleB09/yaleB09_P00A+110E+65.pgm;8
yaleB09/yaleB09_P00A+110E-20.pgm;8
yaleB09/yaleB09_P00A+120E+00.pgm;8
yaleB09/yaleB09_P00A+130E+20.pgm;8
yaleB09/yaleB09_P00A-005E+10.pgm;8
yaleB09/yaleB09_P00A-005E-10.pgm;8
yaleB09/yaleB09_P00A-010E+00.pgm;8
yaleB09/yaleB09_P00A-010E-20.pgm;8
yaleB09/yaleB09_P00A-015E+20.pgm;8
yaleB09/yaleB09_P00A-020E+10.pgm;8
yaleB09/yaleB09_P00A-020E-10.pgm;8
yaleB09/yaleB09_P00A-020E-40.pgm;8
yaleB09/yaleB09_P00A-025E+00.pgm;8
yaleB09/yaleB09_P00A-035E+15.pgm;8
yaleB09/yaleB09_P00A-035E+40.pgm;8
yaleB09/yaleB09_P00A-035E+65.pgm;8
yaleB09/yaleB09_P00A-035E-20.pgm;8
yaleB09/yaleB09_P00A-050E+00.pgm;8
yaleB09/yaleB09_P00A-050E-40.pgm;8
yaleB09/yaleB09_P00A-060E+20.pgm;8
yaleB09/yaleB09_P00A-060E-20.pgm;8
yaleB09/yaleB09_P00A-070E+00.pgm;8
yaleB09/yaleB09_P00A-070E+45.pgm;8
yaleB09/yaleB09_P00A-070E-35.pgm;8
yaleB09/yaleB09_P00A-085E+20.pgm;8
yaleB09/yaleB09_P00A-085E-20.pgm;8
yaleB09/yaleB09_P00A-095E+00.pgm;8
yaleB09/yaleB09_P00A-110E+15.pgm;8
yaleB09/yaleB09_P00A-110E+40.pgm;8
yaleB09/yaleB09_P00A-110E+65.pgm;8
yaleB09/yaleB09_P00A-110E-20.pgm;8
yaleB09/yaleB09_P00A-120E+00.pgm;8
yaleB09/yaleB09_P00A-130E+20.pgm;8
yaleB09/yaleB09_P00_Ambient.pgm;8
yaleB10/yaleB10_P00A+000E+00.pgm;9
yaleB10/yaleB10_P00A+000E+20.pgm;9
yaleB10/yaleB10_P00A+000E+45.pgm;9
yaleB10/yaleB10_P00A+000E+90.pgm;9
yaleB10/yaleB10_P00A+000E-20.pgm;9
yaleB10/yaleB10_P00A+000E-35.pgm;9
yaleB10/yaleB10_P00A+005E+10.pgm;9
yaleB10/yaleB10_P00A+005E-10.pgm;9
yaleB10/yaleB10_P00A+010E+00.pgm;9
yaleB10/yaleB10_P00A+010E-20.pgm;9
yaleB10/yaleB10_P00A+015E+20.pgm;9
yaleB10/yaleB10_P00A+020E+10.pgm;9
yaleB10/yaleB10_P00A+020E-10.pgm;9
yaleB10/yaleB10_P00A+020E-40.pgm;9
yaleB10/yaleB10_P00A+025E+00.pgm;9
yaleB10/yaleB10_P00A+035E+15.pgm;9
yaleB10/yaleB10_P00A+035E+40.pgm;9
yaleB10/yaleB10_P00A+035E+65.pgm;9
yaleB10/yaleB10_P00A+035E-20.pgm;9
yaleB10/yaleB10_P00A+050E+00.pgm;9
yaleB10/yaleB10_P00A+050E-40.pgm;9
yaleB10/yaleB10_P00A+060E+20.pgm;9
yaleB10/yaleB10_P00A+060E-20.pgm;9
yaleB10/yaleB10_P00A+070E+00.pgm;9
yaleB10/yaleB10_P00A+070E+45.pgm;9
yaleB10/yaleB10_P00A+070E-35.pgm;9
yaleB10/yaleB10_P00A+085E+20.pgm;9
yaleB10/yaleB10_P00A+085E-20.pgm;9
yaleB10/yaleB10_P00A+095E+00.pgm;9
yaleB10/yaleB10_P00A+110E+15.pgm;9
yaleB10/yaleB10_P00A+110E+40.pgm;9
yaleB10/yaleB10_P00A+110E+65.pgm;9
yaleB10/yaleB10_P00A+110E-20.pgm;9
yaleB10/yaleB10_P00A+120E+00.pgm;9
yaleB10/yaleB10_P00A+130E+20.pgm;9
yaleB10/yaleB10_P00A-005E+10.pgm;9
yaleB10/yaleB10_P00A-005E-10.pgm;9
yaleB10/yaleB10_P00A-010E+00.pgm;9
yaleB10/yaleB10_P00A-010E-20.pgm;9
yaleB10/yaleB10_P00A-015E+20.pgm;9
yaleB10/yaleB10_P00A-020E+10.pgm;9
yaleB10/yaleB10_P00A-020E-10.pgm;9
yaleB10/yaleB10_P00A-020E-40.pgm;9
yaleB10/yaleB10_P00A-025E+00.pgm;9
yaleB10/yaleB10_P00A-035E+15.pgm;9
yaleB10/yaleB10_P00A-035E+40.pgm;9
yaleB10/yaleB10_P00A-035E+65.pgm;9
yaleB10/yaleB10_P00A-035E-20.pgm;9
yaleB10/yaleB10_P00A-050E+00.pgm;9
yaleB10/yaleB10_P00A-050E-40.pgm;9
yaleB10/yaleB10_P00A-060E+20.pgm;9
yaleB10/yaleB10_P00A-060E-20.pgm;9
yaleB10/yaleB10_P00A-070E+00.pgm;9
yaleB10/yaleB10_P00A-070E+45.pgm;9
yaleB10/yaleB10_P00A-070E-35.pgm;9
yaleB10/yaleB10_P00A-085E+20.pgm;9
yaleB10/yaleB10_P00A-085E-20.pgm;9
yaleB10/yaleB10_P00A-095E+00.pgm;9
yaleB10/yaleB10_P00A-110E+15.pgm;9
yaleB10/yaleB10_P00A-110E+40.pgm;9
yaleB10/yaleB10_P00A-110E+65.pgm;9
yaleB10/yaleB10_P00A-110E-20.pgm;9
yaleB10/yaleB10_P00A-120E+00.pgm;9
yaleB10/yaleB10_P00A-130E+20.pgm;9
yaleB10/yaleB10_P00_Ambient.pgm;9
yaleB11/yaleB11_P00A+000E+00.pgm;10
yaleB11/yaleB11_P00A+000E+20.pgm;10
yaleB11/yaleB11_P00A+000E+45.pgm;10
yaleB11/yaleB11_P00A+000E+90.pgm;10
yaleB11/yaleB11_P00A+000E-20.pgm;10
yaleB11/yaleB11_P00A+000E-35.pgm;10
yaleB11/yaleB11_P00A+005E+10.pgm;10
yaleB11/yaleB11_P00A+005E-10.pgm;10
yaleB11/yaleB11_P00A+010E+00.pgm;10
yaleB11/yaleB11_P00A+010E-20.pgm;10
yaleB11/yaleB11_P00A+015E+20.pgm;10
yaleB11/yaleB11_P00A+020E+10.pgm;10
yaleB11/yaleB11_P00A+020E-10.pgm;10
yaleB11/yaleB11_P00A+020E-40.pgm;10
yaleB11/yaleB11_P00A+025E+00.pgm;10
yaleB11/yaleB11_P00A+035E+15.pgm;10
yaleB11/yaleB11_P00A+035E+40.pgm;10
yaleB11/yaleB11_P00A+035E+65.pgm;10
yaleB11/yaleB11_P00A+035E-20.pgm;10
yaleB11/yaleB11_P00A+050E+00.pgm;10
yaleB11/yaleB11_P00A+060E+20.pgm;10
yaleB11/yaleB11_P00A+060E-20.pgm;10
yaleB11/yaleB11_P00A+070E+00.pgm;10
yaleB11/yaleB11_P00A+070E+45.pgm;10
yaleB11/yaleB11_P00A+070E-35.pgm;10
yaleB11/yaleB11_P00A+085E+20.pgm;10
yaleB11/yaleB11_P00A+085E-20.pgm;10
yaleB11/yaleB11_P00A+110E+15.pgm;10
yaleB11/yaleB11_P00A+110E+40.pgm;10
yaleB11/yaleB11_P00A+110E+65.pgm;10
yaleB11/yaleB11_P00A+110E-20.pgm;10
yaleB11/yaleB11_P00A+120E+00.pgm;10
yaleB11/yaleB11_P00A+130E+20.pgm;10
yaleB11/yaleB11_P00A-005E+10.pgm;10
yaleB11/yaleB11_P00A-005E-10.pgm;10
yaleB11/yaleB11_P00A-010E+00.pgm;10
yaleB11/yaleB11_P00A-010E-20.pgm;10
yaleB11/yaleB11_P00A-015E+20.pgm;10
yaleB11/yaleB11_P00A-020E+10.pgm;10
yaleB11/yaleB11_P00A-020E-10.pgm;10
yaleB11/yaleB11_P00A-020E-40.pgm;10
yaleB11/yaleB11_P00A-025E+00.pgm;10
yaleB11/yaleB11_P00A-035E+15.pgm;10
yaleB11/yaleB11_P00A-035E+40.pgm;10
yaleB11/yaleB11_P00A-035E+65.pgm;10
yaleB11/yaleB11_P00A-035E-20.pgm;10
yaleB11/yaleB11_P00A-050E+00.pgm;10
yaleB11/yaleB11_P00A-060E+20.pgm;10
yaleB11/yaleB11_P00A-060E-20.pgm;10
yaleB11/yaleB11_P00A-070E+00.pgm;10
yaleB11/yaleB11_P00A-070E+45.pgm;10
yaleB11/yaleB11_P00A-070E-35.pgm;10
yaleB11/yaleB11_P00A-085E+20.pgm;10
yaleB11/yaleB11_P00A-085E-20.pgm;10
yaleB11/yaleB11_P00A-095E+00.pgm;10
yaleB11/yaleB11_P00A-110E+40.pgm;10
yaleB11/yaleB11_P00A-110E+65.pgm;10
yaleB11/yaleB11_P00A-110E-20.pgm;10
yaleB11/yaleB11_P00A-120E+00.pgm;10
yaleB11/yaleB11_P00A-130E+20.pgm;10
yaleB11/yaleB11_P00_Ambient.pgm;10
yaleB12/yaleB12_P00A+000E+00.pgm;11
yaleB12/yaleB12_P00A+000E+20.pgm;11
yaleB12/yaleB12_P00A+000E+45.pgm;11
yaleB12/yaleB12_P00A+000E+90.pgm;11
yaleB12/yaleB12_P00A+000E-20.pgm;11
yaleB12/yaleB12_P00A+000E-35.pgm;11
yaleB12/yaleB12_P00A+005E+10.pgm;11
yaleB12/yaleB12_P00A+005E-10.pgm;11
yaleB12/yaleB12_P00A+010E+00.pgm;11
yaleB12/yaleB12_P00A+010E-20.pgm;11
yaleB12/yaleB12_P00A+015E+20.pgm;11
yaleB12/yaleB12_P00A+020E+10.pgm;11
yaleB12/yaleB12_P00A+020E-10.pgm;11
yaleB12/yaleB12_P00A+020E-40.pgm;11
yaleB12/yaleB12_P00A+025E+00.pgm;11
yaleB12/yaleB12_P00A+035E+15.pgm;11
yaleB12/yaleB12_P00A+035E+40.pgm;11
yaleB12/yaleB12_P00A+035E+65.pgm;11
yaleB12/yaleB12_P00A+035E-20.pgm;11
yaleB12/yaleB12_P00A+050E+00.pgm;11
yaleB12/yaleB12_P00A+060E+20.pgm;11
yaleB12/yaleB12_P00A+060E-20.pgm;11
yaleB12/yaleB12_P00A+070E+00.pgm;11
yaleB12/yaleB12_P00A+070E+45.pgm;11
yaleB12/yaleB12_P00A+070E-35.pgm;11
yaleB12/yaleB12_P00A+085E+20.pgm;11
yaleB12/yaleB12_P00A+085E-20.pgm;11
yaleB12/yaleB12_P00A+110E+15.pgm;11
yaleB12/yaleB12_P00A+110E+40.pgm;11
yaleB12/yaleB12_P00A+110E+65.pgm;11
yaleB12/yaleB12_P00A+110E-20.pgm;11
yaleB12/yaleB12_P00A+120E+00.pgm;11
yaleB12/yaleB12_P00A+130E+20.pgm;11
yaleB12/yaleB12_P00A-005E+10.pgm;11
yaleB12/yaleB12_P00A-005E-10.pgm;11
yaleB12/yaleB12_P00A-010E+00.pgm;11
yaleB12/yaleB12_P00A-010E-20.pgm;11
yaleB12/yaleB12_P00A-015E+20.pgm;11
yaleB12/yaleB12_P00A-020E+10.pgm;11
yaleB12/yaleB12_P00A-020E-10.pgm;11
yaleB12/yaleB12_P00A-020E-40.pgm;11
yaleB12/yaleB12_P00A-025E+00.pgm;11
yaleB12/yaleB12_P00A-035E+15.pgm;11
yaleB12/yaleB12_P00A-035E+40.pgm;11
yaleB12/yaleB12_P00A-035E+65.pgm;11
yaleB12/yaleB12_P00A-035E-20.pgm;11
yaleB12/yaleB12_P00A-050E+00.pgm;11
yaleB12/yaleB12_P00A-060E+20.pgm;11
yaleB12/yaleB12_P00A-060E-20.pgm;11
yaleB12/yaleB12_P00A-070E+00.pgm;11
yaleB12/yaleB12_P00A-070E+45.pgm;11
yaleB12/yaleB12_P00A-070E-35.pgm;11
yaleB12/yaleB12_P00A-085E+20.pgm;11
yaleB12/yaleB12_P00A-085E-20.pgm;11
yaleB12/yaleB12_P00A-095E+00.pgm;11
yaleB12/yaleB12_P00A-110E+40.pgm;11
yaleB12/yaleB12_P00A-110E+65.pgm;11
yaleB12/yaleB12_P00A-120E+00.pgm;11
yaleB12/yaleB12_P00A-130E+20.pgm;11
yaleB12/yaleB12_P00_Ambient.pgm;11
yaleB13/yaleB13_P00A+000E+00.pgm;12
yaleB13/yaleB13_P00A+000E+20.pgm;12
yaleB13/yaleB13_P00A+000E+45.pgm;12
yaleB13/yaleB13_P00A+000E+90.pgm;12
yaleB13/yaleB13_P00A+000E-20.pgm;12
yaleB13/yaleB13_P00A+000E-35.pgm;12
yaleB13/yaleB13_P00A+005E+10.pgm;12
yaleB13/yaleB13_P00A+005E-10.pgm;12
yaleB13/yaleB13_P00A+010E+00.pgm;12
yaleB13/yaleB13_P00A+010E-20.pgm;12
yaleB13/yaleB13_P00A+015E+20.pgm;12
yaleB13/yaleB13_P00A+020E+10.pgm;12
yaleB13/yaleB13_P00A+020E-10.pgm;12
yaleB13/yaleB13_P00A+020E-40.pgm;12
yaleB13/yaleB13_P00A+025E+00.pgm;12
yaleB13/yaleB13_P00A+035E+15.pgm;12
yaleB13/yaleB13_P00A+035E+40.pgm;12
yaleB13/yaleB13_P00A+035E+65.pgm;12
yaleB13/yaleB13_P00A+035E-20.pgm;12
yaleB13/yaleB13_P00A+050E+00.pgm;12
yaleB13/yaleB13_P00A+060E+20.pgm;12
yaleB13/yaleB13_P00A+060E-20.pgm;12
yaleB13/yaleB13_P00A+070E+00.pgm;12
yaleB13/yaleB13_P00A+070E+45.pgm;12
yaleB13/yaleB13_P00A+070E-35.pgm;12
yaleB13/yaleB13_P00A+085E+20.pgm;12
yaleB13/yaleB13_P00A+085E-20.pgm;12
yaleB13/yaleB13_P00A+110E+15.pgm;12
yaleB13/yaleB13_P00A+110E+40.pgm;12
yaleB13/yaleB13_P00A+110E+65.pgm;12
yaleB13/yaleB13_P00A+110E-20.pgm;12
yaleB13/yaleB13_P00A+120E+00.pgm;12
yaleB13/yaleB13_P00A+130E+20.pgm;12
yaleB13/yaleB13_P00A-005E+10.pgm;12
yaleB13/yaleB13_P00A-005E-10.pgm;12
yaleB13/yaleB13_P00A-010E+00.pgm;12
yaleB13/yaleB13_P00A-010E-20.pgm;12
yaleB13/yaleB13_P00A-015E+20.pgm;12
yaleB13/yaleB13_P00A-020E+10.pgm;12
yaleB13/yaleB13_P00A-020E-10.pgm;12
yaleB13/yaleB13_P00A-020E-40.pgm;12
yaleB13/yaleB13_P00A-025E+00.pgm;12
yaleB13/yaleB13_P00A-035E+15.pgm;12
yaleB13/yaleB13_P00A-035E+40.pgm;12
yaleB13/yaleB13_P00A-035E+65.pgm;12
yaleB13/yaleB13_P00A-035E-20.pgm;12
yaleB13/yaleB13_P00A-050E+00.pgm;12
yaleB13/yaleB13_P00A-060E+20.pgm;12
yaleB13/yaleB13_P00A-060E-20.pgm;12
yaleB13/yaleB13_P00A-070E+00.pgm;12
yaleB13/yaleB13_P00A-070E+45.pgm;12
yaleB13/yaleB13_P00A-070E-35.pgm;12
yaleB13/yaleB13_P00A-085E+20.pgm;12
yaleB13/yaleB13_P00A-085E-20.pgm;12
yaleB13/yaleB13_P00A-095E+00.pgm;12
yaleB13/yaleB13_P00A-110E+40.pgm;12
yaleB13/yaleB13_P00A-110E+65.pgm;12
yaleB13/yaleB13_P00A-110E-20.pgm;12
yaleB13/yaleB13_P00A-120E+00.pgm;12
yaleB13/yaleB13_P00A-130E+20.pgm;12
yaleB13/yaleB13_P00_Ambient.pgm;12
yaleB15/yaleB15_P00A+000E+00.pgm;14
yaleB15/yaleB15_P00A+000E+20.pgm;14
yaleB15/yaleB15_P00A+000E+45.pgm;14
yaleB15/yaleB15_P00A+000E+90.pgm;14
yaleB15/yaleB15_P00A+000E-20.pgm;14
yaleB15/yaleB15_P00A+000E-35.pgm;14
yaleB15/yaleB15_P00A+005E+10.pgm;14
yaleB15/yaleB15_P00A+005E-10.pgm;14
yaleB15/yaleB15_P00A+010E+00.pgm;14
yaleB15/yaleB15_P00A+010E-20.pgm;14
yaleB15/yaleB15_P00A+015E+20.pgm;14
yaleB15/yaleB15_P00A+020E+10.pgm;14
yaleB15/yaleB15_P00A+020E-10.pgm;14
yaleB15/yaleB15_P00A+020E-40.pgm;14
yaleB15/yaleB15_P00A+025E+00.pgm;14
yaleB15/yaleB15_P00A+035E+15.pgm;14
yaleB15/yaleB15_P00A+035E+40.pgm;14
yaleB15/yaleB15_P00A+035E+65.pgm;14
yaleB15/yaleB15_P00A+035E-20.pgm;14
yaleB15/yaleB15_P00A+050E+00.pgm;14
yaleB15/yaleB15_P00A+050E-40.pgm;14
yaleB15/yaleB15_P00A+060E+20.pgm;14
yaleB15/yaleB15_P00A+060E-20.pgm;14
yaleB15/yaleB15_P00A+070E+00.pgm;14
yaleB15/yaleB15_P00A+070E+45.pgm;14
yaleB15/yaleB15_P00A+070E-35.pgm;14
yaleB15/yaleB15_P00A+085E+20.pgm;14
yaleB15/yaleB15_P00A+085E-20.pgm;14
yaleB15/yaleB15_P00A+095E+00.pgm;14
yaleB15/yaleB15_P00A+110E+15.pgm;14
yaleB15/yaleB15_P00A+110E+40.pgm;14
yaleB15/yaleB15_P00A+110E+65.pgm;14
yaleB15/yaleB15_P00A+110E-20.pgm;14
yaleB15/yaleB15_P00A+120E+00.pgm;14
yaleB15/yaleB15_P00A+130E+20.pgm;14
yaleB15/yaleB15_P00A-005E+10.pgm;14
yaleB15/yaleB15_P00A-005E-10.pgm;14
yaleB15/yaleB15_P00A-010E+00.pgm;14
yaleB15/yaleB15_P00A-010E-20.pgm;14
yaleB15/yaleB15_P00A-015E+20.pgm;14
yaleB15/yaleB15_P00A-020E+10.pgm;14
yaleB15/yaleB15_P00A-020E-10.pgm;14
yaleB15/yaleB15_P00A-020E-40.pgm;14
yaleB15/yaleB15_P00A-025E+00.pgm;14
yaleB15/yaleB15_P00A-035E+15.pgm;14
yaleB15/yaleB15_P00A-035E+65.pgm;14
yaleB15/yaleB15_P00A-035E-20.pgm;14
yaleB15/yaleB15_P00A-050E+00.pgm;14
yaleB15/yaleB15_P00A-050E-40.pgm;14
yaleB15/yaleB15_P00A-060E+20.pgm;14
yaleB15/yaleB15_P00A-060E-20.pgm;14
yaleB15/yaleB15_P00A-070E+00.pgm;14
yaleB15/yaleB15_P00A-070E+45.pgm;14
yaleB15/yaleB15_P00A-070E-35.pgm;14
yaleB15/yaleB15_P00A-085E+20.pgm;14
yaleB15/yaleB15_P00A-085E-20.pgm;14
yaleB15/yaleB15_P00A-095E+00.pgm;14
yaleB15/yaleB15_P00A-110E+15.pgm;14
yaleB15/yaleB15_P00A-110E+40.pgm;14
yaleB15/yaleB15_P00A-110E+65.pgm;14
yaleB15/yaleB15_P00A-110E-20.pgm;14
yaleB15/yaleB15_P00A-120E+00.pgm;14
yaleB15/yaleB15_P00A-130E+20.pgm;14
yaleB15/yaleB15_P00_Ambient.pgm;14
yaleB16/yaleB16_P00A+000E+00.pgm;15
yaleB16/yaleB16_P00A+000E+20.pgm;15
yaleB16/yaleB16_P00A+000E+45.pgm;15
yaleB16/yaleB16_P00A+000E+90.pgm;15
yaleB16/yaleB16_P00A+000E-20.pgm;15
yaleB16/yaleB16_P00A+000E-35.pgm;15
yaleB16/yaleB16_P00A+005E+10.pgm;15
yaleB16/yaleB16_P00A+005E-10.pgm;15
yaleB16/yaleB16_P00A+010E+00.pgm;15
yaleB16/yaleB16_P00A+010E-20.pgm;15
yaleB16/yaleB16_P00A+015E+20.pgm;15
yaleB16/yaleB16_P00A+020E+10.pgm;15
yaleB16/yaleB16_P00A+020E-10.pgm;15
yaleB16/yaleB16_P00A+020E-40.pgm;15
yaleB16/yaleB16_P00A+025E+00.pgm;15
yaleB16/yaleB16_P00A+035E+15.pgm;15
yaleB16/yaleB16_P00A+035E+40.pgm;15
yaleB16/yaleB16_P00A+035E+65.pgm;15
yaleB16/yaleB16_P00A+035E-20.pgm;15
yaleB16/yaleB16_P00A+050E+00.pgm;15
yaleB16/yaleB16_P00A+050E-40.pgm;15
yaleB16/yaleB16_P00A+060E+20.pgm;15
yaleB16/yaleB16_P00A+060E-20.pgm;15
yaleB16/yaleB16_P00A+070E+00.pgm;15
yaleB16/yaleB16_P00A+070E+45.pgm;15
yaleB16/yaleB16_P00A+070E-35.pgm;15
yaleB16/yaleB16_P00A+085E+20.pgm;15
yaleB16/yaleB16_P00A+085E-20.pgm;15
yaleB16/yaleB16_P00A+110E+15.pgm;15
yaleB16/yaleB16_P00A+110E+40.pgm;15
yaleB16/yaleB16_P00A+110E+65.pgm;15
yaleB16/yaleB16_P00A+110E-20.pgm;15
yaleB16/yaleB16_P00A+120E+00.pgm;15
yaleB16/yaleB16_P00A+130E+20.pgm;15
yaleB16/yaleB16_P00A-005E+10.pgm;15
yaleB16/yaleB16_P00A-005E-10.pgm;15
yaleB16/yaleB16_P00A-010E-20.pgm;15
yaleB16/yaleB16_P00A-015E+20.pgm;15
yaleB16/yaleB16_P00A-020E+10.pgm;15
yaleB16/yaleB16_P00A-020E-10.pgm;15
yaleB16/yaleB16_P00A-020E-40.pgm;15
yaleB16/yaleB16_P00A-025E+00.pgm;15
yaleB16/yaleB16_P00A-035E+15.pgm;15
yaleB16/yaleB16_P00A-035E+40.pgm;15
yaleB16/yaleB16_P00A-035E+65.pgm;15
yaleB16/yaleB16_P00A-035E-20.pgm;15
yaleB16/yaleB16_P00A-050E+00.pgm;15
yaleB16/yaleB16_P00A-050E-40.pgm;15
yaleB16/yaleB16_P00A-060E+20.pgm;15
yaleB16/yaleB16_P00A-060E-20.pgm;15
yaleB16/yaleB16_P00A-070E+00.pgm;15
yaleB16/yaleB16_P00A-070E+45.pgm;15
yaleB16/yaleB16_P00A-070E-35.pgm;15
yaleB16/yaleB16_P00A-085E+20.pgm;15
yaleB16/yaleB16_P00A-085E-20.pgm;15
yaleB16/yaleB16_P00A-095E+00.pgm;15
yaleB16/yaleB16_P00A-110E+15.pgm;15
yaleB16/yaleB16_P00A-110E+40.pgm;15
yaleB16/yaleB16_P00A-110E+65.pgm;15
yaleB16/yaleB16_P00A-110E-20.pgm;15
yaleB16/yaleB16_P00A-120E+00.pgm;15
yaleB16/yaleB16_P00A-130E+20.pgm;15
yaleB16/yaleB16_P00_Ambient.pgm;15
yaleB17/yaleB17_P00A+000E+00.pgm;16
yaleB17/yaleB17_P00A+000E+20.pgm;16
yaleB17/yaleB17_P00A+000E+45.pgm;16
yaleB17/yaleB17_P00A+000E+90.pgm;16
yaleB17/yaleB17_P00A+000E-20.pgm;16
yaleB17/yaleB17_P00A+000E-35.pgm;16
yaleB17/yaleB17_P00A+005E+10.pgm;16
yaleB17/yaleB17_P00A+005E-10.pgm;16
yaleB17/yaleB17_P00A+010E+00.pgm;16
yaleB17/yaleB17_P00A+010E-20.pgm;16
yaleB17/yaleB17_P00A+015E+20.pgm;16
yaleB17/yaleB17_P00A+020E+10.pgm;16
yaleB17/yaleB17_P00A+020E-10.pgm;16
yaleB17/yaleB17_P00A+020E-40.pgm;16
yaleB17/yaleB17_P00A+025E+00.pgm;16
yaleB17/yaleB17_P00A+035E+15.pgm;16
yaleB17/yaleB17_P00A+035E+40.pgm;16
yaleB17/yaleB17_P00A+035E+65.pgm;16
yaleB17/yaleB17_P00A+035E-20.pgm;16
yaleB17/yaleB17_P00A+050E+00.pgm;16
yaleB17/yaleB17_P00A+050E-40.pgm;16
yaleB17/yaleB17_P00A+060E+20.pgm;16
yaleB17/yaleB17_P00A+060E-20.pgm;16
yaleB17/yaleB17_P00A+070E+00.pgm;16
yaleB17/yaleB17_P00A+070E+45.pgm;16
yaleB17/yaleB17_P00A+070E-35.pgm;16
yaleB17/yaleB17_P00A+085E+20.pgm;16
yaleB17/yaleB17_P00A+085E-20.pgm;16
yaleB17/yaleB17_P00A+095E+00.pgm;16
yaleB17/yaleB17_P00A+110E+15.pgm;16
yaleB17/yaleB17_P00A+110E+40.pgm;16
yaleB17/yaleB17_P00A+110E+65.pgm;16
yaleB17/yaleB17_P00A+110E-20.pgm;16
yaleB17/yaleB17_P00A+120E+00.pgm;16
yaleB17/yaleB17_P00A+130E+20.pgm;16
yaleB17/yaleB17_P00A-005E+10.pgm;16
yaleB17/yaleB17_P00A-005E-10.pgm;16
yaleB17/yaleB17_P00A-010E-20.pgm;16
yaleB17/yaleB17_P00A-015E+20.pgm;16
yaleB17/yaleB17_P00A-020E+10.pgm;16
yaleB17/yaleB17_P00A-020E-10.pgm;16
yaleB17/yaleB17_P00A-020E-40.pgm;16
yaleB17/yaleB17_P00A-025E+00.pgm;16
yaleB17/yaleB17_P00A-035E+15.pgm;16
yaleB17/yaleB17_P00A-035E+40.pgm;16
yaleB17/yaleB17_P00A-035E+65.pgm;16
yaleB17/yaleB17_P00A-035E-20.pgm;16
yaleB17/yaleB17_P00A-050E+00.pgm;16
yaleB17/yaleB17_P00A-050E-40.pgm;16
yaleB17/yaleB17_P00A-060E+20.pgm;16
yaleB17/yaleB17_P00A-060E-20.pgm;16
yaleB17/yaleB17_P00A-070E+00.pgm;16
yaleB17/yaleB17_P00A-070E+45.pgm;16
yaleB17/yaleB17_P00A-070E-35.pgm;16
yaleB17/yaleB17_P00A-085E+20.pgm;16
yaleB17/yaleB17_P00A-085E-20.pgm;16
yaleB17/yaleB17_P00A-095E+00.pgm;16
yaleB17/yaleB17_P00A-110E+15.pgm;16
yaleB17/yaleB17_P00A-110E+40.pgm;16
yaleB17/yaleB17_P00A-110E+65.pgm;16
yaleB17/yaleB17_P00A-110E-20.pgm;16
yaleB17/yaleB17_P00A-120E+00.pgm;16
yaleB17/yaleB17_P00A-130E+20.pgm;16
yaleB17/yaleB17_P00_Ambient.pgm;16
yaleB18/yaleB18_P00A+000E+00.pgm;17
yaleB18/yaleB18_P00A+000E+20.pgm;17
yaleB18/yaleB18_P00A+000E+45.pgm;17
yaleB18/yaleB18_P00A+000E+90.pgm;17
yaleB18/yaleB18_P00A+000E-20.pgm;17
yaleB18/yaleB18_P00A+000E-35.pgm;17
yaleB18/yaleB18_P00A+005E+10.pgm;17
yaleB18/yaleB18_P00A+005E-10.pgm;17
yaleB18/yaleB18_P00A+010E+00.pgm;17
yaleB18/yaleB18_P00A+010E-20.pgm;17
yaleB18/yaleB18_P00A+015E+20.pgm;17
yaleB18/yaleB18_P00A+020E+10.pgm;17
yaleB18/yaleB18_P00A+020E-10.pgm;17
yaleB18/yaleB18_P00A+020E-40.pgm;17
yaleB18/yaleB18_P00A+025E+00.pgm;17
yaleB18/yaleB18_P00A+035E+15.pgm;17
yaleB18/yaleB18_P00A+035E+40.pgm;17
yaleB18/yaleB18_P00A+035E+65.pgm;17
yaleB18/yaleB18_P00A+035E-20.pgm;17
yaleB18/yaleB18_P00A+050E+00.pgm;17
yaleB18/yaleB18_P00A+050E-40.pgm;17
yaleB18/yaleB18_P00A+060E+20.pgm;17
yaleB18/yaleB18_P00A+060E-20.pgm;17
yaleB18/yaleB18_P00A+070E+00.pgm;17
yaleB18/yaleB18_P00A+070E+45.pgm;17
yaleB18/yaleB18_P00A+070E-35.pgm;17
yaleB18/yaleB18_P00A+085E+20.pgm;17
yaleB18/yaleB18_P00A+085E-20.pgm;17
yaleB18/yaleB18_P00A+095E+00.pgm;17
yaleB18/yaleB18_P00A+110E+15.pgm;17
yaleB18/yaleB18_P00A+110E+40.pgm;17
yaleB18/yaleB18_P00A+110E+65.pgm;17
yaleB18/yaleB18_P00A+110E-20.pgm;17
yaleB18/yaleB18_P00A+120E+00.pgm;17
yaleB18/yaleB18_P00A+130E+20.pgm;17
yaleB18/yaleB18_P00A-005E+10.pgm;17
yaleB18/yaleB18_P00A-005E-10.pgm;17
yaleB18/yaleB18_P00A-010E-20.pgm;17
yaleB18/yaleB18_P00A-015E+20.pgm;17
yaleB18/yaleB18_P00A-020E+10.pgm;17
yaleB18/yaleB18_P00A-020E-10.pgm;17
yaleB18/yaleB18_P00A-020E-40.pgm;17
yaleB18/yaleB18_P00A-025E+00.pgm;17
yaleB18/yaleB18_P00A-035E+15.pgm;17
yaleB18/yaleB18_P00A-035E+40.pgm;17
yaleB18/yaleB18_P00A-035E+65.pgm;17
yaleB18/yaleB18_P00A-035E-20.pgm;17
yaleB18/yaleB18_P00A-050E+00.pgm;17
yaleB18/yaleB18_P00A-050E-40.pgm;17
yaleB18/yaleB18_P00A-060E+20.pgm;17
yaleB18/yaleB18_P00A-060E-20.pgm;17
yaleB18/yaleB18_P00A-070E+00.pgm;17
yaleB18/yaleB18_P00A-070E+45.pgm;17
yaleB18/yaleB18_P00A-070E-35.pgm;17
yaleB18/yaleB18_P00A-085E+20.pgm;17
yaleB18/yaleB18_P00A-085E-20.pgm;17
yaleB18/yaleB18_P00A-095E+00.pgm;17
yaleB18/yaleB18_P00A-110E+15.pgm;17
yaleB18/yaleB18_P00A-110E+40.pgm;17
yaleB18/yaleB18_P00A-110E+65.pgm;17
yaleB18/yaleB18_P00A-110E-20.pgm;17
yaleB18/yaleB18_P00A-120E+00.pgm;17
yaleB18/yaleB18_P00A-130E+20.pgm;17
yaleB18/yaleB18_P00_Ambient.pgm;17
yaleB19/yaleB19_P00A+000E+00.pgm;18
yaleB19/yaleB19_P00A+000E+20.pgm;18
yaleB19/yaleB19_P00A+000E+45.pgm;18
yaleB19/yaleB19_P00A+000E+90.pgm;18
yaleB19/yaleB19_P00A+000E-20.pgm;18
yaleB19/yaleB19_P00A+000E-35.pgm;18
yaleB19/yaleB19_P00A+005E+10.pgm;18
yaleB19/yaleB19_P00A+005E-10.pgm;18
yaleB19/yaleB19_P00A+010E+00.pgm;18
yaleB19/yaleB19_P00A+010E-20.pgm;18
yaleB19/yaleB19_P00A+015E+20.pgm;18
yaleB19/yaleB19_P00A+020E+10.pgm;18
yaleB19/yaleB19_P00A+020E-10.pgm;18
yaleB19/yaleB19_P00A+020E-40.pgm;18
yaleB19/yaleB19_P00A+025E+00.pgm;18
yaleB19/yaleB19_P00A+035E+15.pgm;18
yaleB19/yaleB19_P00A+035E+40.pgm;18
yaleB19/yaleB19_P00A+035E+65.pgm;18
yaleB19/yaleB19_P00A+035E-20.pgm;18
yaleB19/yaleB19_P00A+050E+00.pgm;18
yaleB19/yaleB19_P00A+050E-40.pgm;18
yaleB19/yaleB19_P00A+060E+20.pgm;18
yaleB19/yaleB19_P00A+060E-20.pgm;18
yaleB19/yaleB19_P00A+070E+00.pgm;18
yaleB19/yaleB19_P00A+070E+45.pgm;18
yaleB19/yaleB19_P00A+070E-35.pgm;18
yaleB19/yaleB19_P00A+085E+20.pgm;18
yaleB19/yaleB19_P00A+085E-20.pgm;18
yaleB19/yaleB19_P00A+095E+00.pgm;18
yaleB19/yaleB19_P00A+110E+15.pgm;18
yaleB19/yaleB19_P00A+110E+40.pgm;18
yaleB19/yaleB19_P00A+110E+65.pgm;18
yaleB19/yaleB19_P00A+110E-20.pgm;18
yaleB19/yaleB19_P00A+120E+00.pgm;18
yaleB19/yaleB19_P00A+130E+20.pgm;18
yaleB19/yaleB19_P00A-005E+10.pgm;18
yaleB19/yaleB19_P00A-005E-10.pgm;18
yaleB19/yaleB19_P00A-010E+00.pgm;18
yaleB19/yaleB19_P00A-010E-20.pgm;18
yaleB19/yaleB19_P00A-015E+20.pgm;18
yaleB19/yaleB19_P00A-020E+10.pgm;18
yaleB19/yaleB19_P00A-020E-10.pgm;18
yaleB19/yaleB19_P00A-020E-40.pgm;18
yaleB19/yaleB19_P00A-025E+00.pgm;18
yaleB19/yaleB19_P00A-035E+15.pgm;18
yaleB19/yaleB19_P00A-035E+40.pgm;18
yaleB19/yaleB19_P00A-035E+65.pgm;18
yaleB19/yaleB19_P00A-035E-20.pgm;18
yaleB19/yaleB19_P00A-050E+00.pgm;18
yaleB19/yaleB19_P00A-050E-40.pgm;18
yaleB19/yaleB19_P00A-060E+20.pgm;18
yaleB19/yaleB19_P00A-060E-20.pgm;18
yaleB19/yaleB19_P00A-070E+00.pgm;18
yaleB19/yaleB19_P00A-070E+45.pgm;18
yaleB19/yaleB19_P00A-070E-35.pgm;18
yaleB19/yaleB19_P00A-085E+20.pgm;18
yaleB19/yaleB19_P00A-085E-20.pgm;18
yaleB19/yaleB19_P00A-095E+00.pgm;18
yaleB19/yaleB19_P00A-110E+15.pgm;18
yaleB19/yaleB19_P00A-110E+40.pgm;18
yaleB19/yaleB19_P00A-110E+65.pgm;18
yaleB19/yaleB19_P00A-110E-20.pgm;18
yaleB19/yaleB19_P00A-120E+00.pgm;18
yaleB19/yaleB19_P00A-130E+20.pgm;18
yaleB19/yaleB19_P00_Ambient.pgm;18
yaleB20/yaleB20_P00A+000E+00.pgm;19
yaleB20/yaleB20_P00A+000E+20.pgm;19
yaleB20/yaleB20_P00A+000E+45.pgm;19
yaleB20/yaleB20_P00A+000E+90.pgm;19
yaleB20/yaleB20_P00A+000E-20.pgm;19
yaleB20/yaleB20_P00A+000E-35.pgm;19
yaleB20/yaleB20_P00A+005E+10.pgm;19
yaleB20/yaleB20_P00A+005E-10.pgm;19
yaleB20/yaleB20_P00A+010E+00.pgm;19
yaleB20/yaleB20_P00A+010E-20.pgm;19
yaleB20/yaleB20_P00A+015E+20.pgm;19
yaleB20/yaleB20_P00A+020E+10.pgm;19
yaleB20/yaleB20_P00A+020E-10.pgm;19
yaleB20/yaleB20_P00A+020E-40.pgm;19
yaleB20/yaleB20_P00A+025E+00.pgm;19
yaleB20/yaleB20_P00A+035E+15.pgm;19
yaleB20/yaleB20_P00A+035E+40.pgm;19
yaleB20/yaleB20_P00A+035E+65.pgm;19
yaleB20/yaleB20_P00A+035E-20.pgm;19
yaleB20/yaleB20_P00A+050E+00.pgm;19
yaleB20/yaleB20_P00A+050E-40.pgm;19
yaleB20/yaleB20_P00A+060E+20.pgm;19
yaleB20/yaleB20_P00A+060E-20.pgm;19
yaleB20/yaleB20_P00A+070E+00.pgm;19
yaleB20/yaleB20_P00A+070E+45.pgm;19
yaleB20/yaleB20_P00A+070E-35.pgm;19
yaleB20/yaleB20_P00A+085E+20.pgm;19
yaleB20/yaleB20_P00A+085E-20.pgm;19
yaleB20/yaleB20_P00A+095E+00.pgm;19
yaleB20/yaleB20_P00A+110E+15.pgm;19
yaleB20/yaleB20_P00A+110E+40.pgm;19
yaleB20/yaleB20_P00A+110E+65.pgm;19
yaleB20/yaleB20_P00A+110E-20.pgm;19
yaleB20/yaleB20_P00A+120E+00.pgm;19
yaleB20/yaleB20_P00A+130E+20.pgm;19
yaleB20/yaleB20_P00A-005E+10.pgm;19
yaleB20/yaleB20_P00A-005E-10.pgm;19
yaleB20/yaleB20_P00A-010E+00.pgm;19
yaleB20/yaleB20_P00A-010E-20.pgm;19
yaleB20/yaleB20_P00A-015E+20.pgm;19
yaleB20/yaleB20_P00A-020E+10.pgm;19
yaleB20/yaleB20_P00A-020E-10.pgm;19
yaleB20/yaleB20_P00A-020E-40.pgm;19
yaleB20/yaleB20_P00A-025E+00.pgm;19
yaleB20/yaleB20_P00A-035E+15.pgm;19
yaleB20/yaleB20_P00A-035E+40.pgm;19
yaleB20/yaleB20_P00A-035E+65.pgm;19
yaleB20/yaleB20_P00A-035E-20.pgm;19
yaleB20/yaleB20_P00A-050E+00.pgm;19
yaleB20/yaleB20_P00A-050E-40.pgm;19
yaleB20/yaleB20_P00A-060E+20.pgm;19
yaleB20/yaleB20_P00A-060E-20.pgm;19
yaleB20/yaleB20_P00A-070E+00.pgm;19
yaleB20/yaleB20_P00A-070E+45.pgm;19
yaleB20/yaleB20_P00A-070E-35.pgm;19
yaleB20/yaleB20_P00A-085E+20.pgm;19
yaleB20/yaleB20_P00A-085E-20.pgm;19
yaleB20/yaleB20_P00A-095E+00.pgm;19
yaleB20/yaleB20_P00A-110E+15.pgm;19
yaleB20/yaleB20_P00A-110E+40.pgm;19
yaleB20/yaleB20_P00A-110E+65.pgm;19
yaleB20/yaleB20_P00A-110E-20.pgm;19
yaleB20/yaleB20_P00A-120E+00.pgm;19
yaleB20/yaleB20_P00A-130E+20.pgm;19
yaleB20/yaleB20_P00_Ambient.pgm;19
yaleB21/yaleB21_P00A+000E+00.pgm;20
yaleB21/yaleB21_P00A+000E+20.pgm;20
yaleB21/yaleB21_P00A+000E+45.pgm;20
yaleB21/yaleB21_P00A+000E+90.pgm;20
yaleB21/yaleB21_P00A+000E-20.pgm;20
yaleB21/yaleB21_P00A+000E-35.pgm;20
yaleB21/yaleB21_P00A+005E+10.pgm;20
yaleB21/yaleB21_P00A+005E-10.pgm;20
yaleB21/yaleB21_P00A+010E+00.pgm;20
yaleB21/yaleB21_P00A+010E-20.pgm;20
yaleB21/yaleB21_P00A+015E+20.pgm;20
yaleB21/yaleB21_P00A+020E+10.pgm;20
yaleB21/yaleB21_P00A+020E-10.pgm;20
yaleB21/yaleB21_P00A+020E-40.pgm;20
yaleB21/yaleB21_P00A+025E+00.pgm;20
yaleB21/yaleB21_P00A+035E+15.pgm;20
yaleB21/yaleB21_P00A+035E+40.pgm;20
yaleB21/yaleB21_P00A+035E+65.pgm;20
yaleB21/yaleB21_P00A+035E-20.pgm;20
yaleB21/yaleB21_P00A+050E+00.pgm;20
yaleB21/yaleB21_P00A+050E-40.pgm;20
yaleB21/yaleB21_P00A+060E+20.pgm;20
yaleB21/yaleB21_P00A+060E-20.pgm;20
yaleB21/yaleB21_P00A+070E+00.pgm;20
yaleB21/yaleB21_P00A+070E+45.pgm;20
yaleB21/yaleB21_P00A+070E-35.pgm;20
yaleB21/yaleB21_P00A+085E+20.pgm;20
yaleB21/yaleB21_P00A+085E-20.pgm;20
yaleB21/yaleB21_P00A+095E+00.pgm;20
yaleB21/yaleB21_P00A+110E+15.pgm;20
yaleB21/yaleB21_P00A+110E+40.pgm;20
yaleB21/yaleB21_P00A+110E+65.pgm;20
yaleB21/yaleB21_P00A+110E-20.pgm;20
yaleB21/yaleB21_P00A+120E+00.pgm;20
yaleB21/yaleB21_P00A+130E+20.pgm;20
yaleB21/yaleB21_P00A-005E+10.pgm;20
yaleB21/yaleB21_P00A-005E-10.pgm;20
yaleB21/yaleB21_P00A-010E+00.pgm;20
yaleB21/yaleB21_P00A-010E-20.pgm;20
yaleB21/yaleB21_P00A-015E+20.pgm;20
yaleB21/yaleB21_P00A-020E+10.pgm;20
yaleB21/yaleB21_P00A-020E-10.pgm;20
yaleB21/yaleB21_P00A-020E-40.pgm;20
yaleB21/yaleB21_P00A-025E+00.pgm;20
yaleB21/yaleB21_P00A-035E+15.pgm;20
yaleB21/yaleB21_P00A-035E+40.pgm;20
yaleB21/yaleB21_P00A-035E+65.pgm;20
yaleB21/yaleB21_P00A-035E-20.pgm;20
yaleB21/yaleB21_P00A-050E+00.pgm;20
yaleB21/yaleB21_P00A-050E-40.pgm;20
yaleB21/yaleB21_P00A-060E+20.pgm;20
yaleB21/yaleB21_P00A-060E-20.pgm;20
yaleB21/yaleB21_P00A-070E+00.pgm;20
yaleB21/yaleB21_P00A-070E+45.pgm;20
yaleB21/yaleB21_P00A-070E-35.pgm;20
yaleB21/yaleB21_P00A-085E+20.pgm;20
yaleB21/yaleB21_P00A-085E-20.pgm;20
yaleB21/yaleB21_P00A-095E+00.pgm;20
yaleB21/yaleB21_P00A-110E+15.pgm;20
yaleB21/yaleB21_P00A-110E+40.pgm;20
yaleB21/yaleB21_P00A-110E+65.pgm;20
yaleB21/yaleB21_P00A-110E-20.pgm;20
yaleB21/yaleB21_P00A-120E+00.pgm;20
yaleB21/yaleB21_P00A-130E+20.pgm;20
yaleB21/yaleB21_P00_Ambient.pgm;20
yaleB22/yaleB22_P00A+000E+00.pgm;21
yaleB22/yaleB22_P00A+000E+20.pgm;21
yaleB22/yaleB22_P00A+000E+45.pgm;21
yaleB22/yaleB22_P00A+000E+90.pgm;21
yaleB22/yaleB22_P00A+000E-20.pgm;21
yaleB22/yaleB22_P00A+000E-35.pgm;21
yaleB22/yaleB22_P00A+005E+10.pgm;21
yaleB22/yaleB22_P00A+005E-10.pgm;21
yaleB22/yaleB22_P00A+010E+00.pgm;21
yaleB22/yaleB22_P00A+010E-20.pgm;21
yaleB22/yaleB22_P00A+015E+20.pgm;21
yaleB22/yaleB22_P00A+020E+10.pgm;21
yaleB22/yaleB22_P00A+020E-10.pgm;21
yaleB22/yaleB22_P00A+020E-40.pgm;21
yaleB22/yaleB22_P00A+025E+00.pgm;21
yaleB22/yaleB22_P00A+035E+15.pgm;21
yaleB22/yaleB22_P00A+035E+40.pgm;21
yaleB22/yaleB22_P00A+035E+65.pgm;21
yaleB22/yaleB22_P00A+035E-20.pgm;21
yaleB22/yaleB22_P00A+050E+00.pgm;21
yaleB22/yaleB22_P00A+050E-40.pgm;21
yaleB22/yaleB22_P00A+060E+20.pgm;21
yaleB22/yaleB22_P00A+060E-20.pgm;21
yaleB22/yaleB22_P00A+070E+00.pgm;21
yaleB22/yaleB22_P00A+070E+45.pgm;21
yaleB22/yaleB22_P00A+070E-35.pgm;21
yaleB22/yaleB22_P00A+085E+20.pgm;21
yaleB22/yaleB22_P00A+085E-20.pgm;21
yaleB22/yaleB22_P00A+095E+00.pgm;21
yaleB22/yaleB22_P00A+110E+15.pgm;21
yaleB22/yaleB22_P00A+110E+40.pgm;21
yaleB22/yaleB22_P00A+110E+65.pgm;21
yaleB22/yaleB22_P00A+110E-20.pgm;21
yaleB22/yaleB22_P00A+120E+00.pgm;21
yaleB22/yaleB22_P00A+130E+20.pgm;21
yaleB22/yaleB22_P00A-005E+10.pgm;21
yaleB22/yaleB22_P00A-005E-10.pgm;21
yaleB22/yaleB22_P00A-010E+00.pgm;21
yaleB22/yaleB22_P00A-010E-20.pgm;21
yaleB22/yaleB22_P00A-015E+20.pgm;21
yaleB22/yaleB22_P00A-020E+10.pgm;21
yaleB22/yaleB22_P00A-020E-10.pgm;21
yaleB22/yaleB22_P00A-020E-40.pgm;21
yaleB22/yaleB22_P00A-025E+00.pgm;21
yaleB22/yaleB22_P00A-035E+15.pgm;21
yaleB22/yaleB22_P00A-035E+40.pgm;21
yaleB22/yaleB22_P00A-035E+65.pgm;21
yaleB22/yaleB22_P00A-035E-20.pgm;21
yaleB22/yaleB22_P00A-050E+00.pgm;21
yaleB22/yaleB22_P00A-050E-40.pgm;21
yaleB22/yaleB22_P00A-060E+20.pgm;21
yaleB22/yaleB22_P00A-060E-20.pgm;21
yaleB22/yaleB22_P00A-070E+00.pgm;21
yaleB22/yaleB22_P00A-070E+45.pgm;21
yaleB22/yaleB22_P00A-070E-35.pgm;21
yaleB22/yaleB22_P00A-085E+20.pgm;21
yaleB22/yaleB22_P00A-085E-20.pgm;21
yaleB22/yaleB22_P00A-095E+00.pgm;21
yaleB22/yaleB22_P00A-110E+15.pgm;21
yaleB22/yaleB22_P00A-110E+40.pgm;21
yaleB22/yaleB22_P00A-110E+65.pgm;21
yaleB22/yaleB22_P00A-110E-20.pgm;21
yaleB22/yaleB22_P00A-120E+00.pgm;21
yaleB22/yaleB22_P00A-130E+20.pgm;21
yaleB22/yaleB22_P00_Ambient.pgm;21
yaleB23/yaleB23_P00A+000E+00.pgm;22
yaleB23/yaleB23_P00A+000E+20.pgm;22
yaleB23/yaleB23_P00A+000E+45.pgm;22
yaleB23/yaleB23_P00A+000E+90.pgm;22
yaleB23/yaleB23_P00A+000E-20.pgm;22
yaleB23/yaleB23_P00A+000E-35.pgm;22
yaleB23/yaleB23_P00A+005E+10.pgm;22
yaleB23/yaleB23_P00A+005E-10.pgm;22
yaleB23/yaleB23_P00A+010E+00.pgm;22
yaleB23/yaleB23_P00A+010E-20.pgm;22
yaleB23/yaleB23_P00A+015E+20.pgm;22
yaleB23/yaleB23_P00A+020E+10.pgm;22
yaleB23/yaleB23_P00A+020E-10.pgm;22
yaleB23/yaleB23_P00A+020E-40.pgm;22
yaleB23/yaleB23_P00A+025E+00.pgm;22
yaleB23/yaleB23_P00A+035E+15.pgm;22
yaleB23/yaleB23_P00A+035E+40.pgm;22
yaleB23/yaleB23_P00A+035E+65.pgm;22
yaleB23/yaleB23_P00A+035E-20.pgm;22
yaleB23/yaleB23_P00A+050E+00.pgm;22
yaleB23/yaleB23_P00A+050E-40.pgm;22
yaleB23/yaleB23_P00A+060E+20.pgm;22
yaleB23/yaleB23_P00A+060E-20.pgm;22
yaleB23/yaleB23_P00A+070E+00.pgm;22
yaleB23/yaleB23_P00A+070E+45.pgm;22
yaleB23/yaleB23_P00A+070E-35.pgm;22
yaleB23/yaleB23_P00A+085E+20.pgm;22
yaleB23/yaleB23_P00A+085E-20.pgm;22
yaleB23/yaleB23_P00A+095E+00.pgm;22
yaleB23/yaleB23_P00A+110E+15.pgm;22
yaleB23/yaleB23_P00A+110E+40.pgm;22
yaleB23/yaleB23_P00A+110E+65.pgm;22
yaleB23/yaleB23_P00A+110E-20.pgm;22
yaleB23/yaleB23_P00A+120E+00.pgm;22
yaleB23/yaleB23_P00A+130E+20.pgm;22
yaleB23/yaleB23_P00A-005E+10.pgm;22
yaleB23/yaleB23_P00A-005E-10.pgm;22
yaleB23/yaleB23_P00A-010E+00.pgm;22
yaleB23/yaleB23_P00A-010E-20.pgm;22
yaleB23/yaleB23_P00A-015E+20.pgm;22
yaleB23/yaleB23_P00A-020E+10.pgm;22
yaleB23/yaleB23_P00A-020E-10.pgm;22
yaleB23/yaleB23_P00A-020E-40.pgm;22
yaleB23/yaleB23_P00A-025E+00.pgm;22
yaleB23/yaleB23_P00A-035E+15.pgm;22
yaleB23/yaleB23_P00A-035E+40.pgm;22
yaleB23/yaleB23_P00A-035E+65.pgm;22
yaleB23/yaleB23_P00A-035E-20.pgm;22
yaleB23/yaleB23_P00A-050E+00.pgm;22
yaleB23/yaleB23_P00A-050E-40.pgm;22
yaleB23/yaleB23_P00A-060E+20.pgm;22
yaleB23/yaleB23_P00A-060E-20.pgm;22
yaleB23/yaleB23_P00A-070E+00.pgm;22
yaleB23/yaleB23_P00A-070E+45.pgm;22
yaleB23/yaleB23_P00A-070E-35.pgm;22
yaleB23/yaleB23_P00A-085E+20.pgm;22
yaleB23/yaleB23_P00A-085E-20.pgm;22
yaleB23/yaleB23_P00A-095E+00.pgm;22
yaleB23/yaleB23_P00A-110E+15.pgm;22
yaleB23/yaleB23_P00A-110E+40.pgm;22
yaleB23/yaleB23_P00A-110E+65.pgm;22
yaleB23/yaleB23_P00A-110E-20.pgm;22
yaleB23/yaleB23_P00A-120E+00.pgm;22
yaleB23/yaleB23_P00A-130E+20.pgm;22
yaleB23/yaleB23_P00_Ambient.pgm;22
yaleB24/yaleB24_P00A+000E+00.pgm;23
yaleB24/yaleB24_P00A+000E+20.pgm;23
yaleB24/yaleB24_P00A+000E+45.pgm;23
yaleB24/yaleB24_P00A+000E+90.pgm;23
yaleB24/yaleB24_P00A+000E-20.pgm;23
yaleB24/yaleB24_P00A+000E-35.pgm;23
yaleB24/yaleB24_P00A+005E+10.pgm;23
yaleB24/yaleB24_P00A+005E-10.pgm;23
yaleB24/yaleB24_P00A+010E+00.pgm;23
yaleB24/yaleB24_P00A+010E-20.pgm;23
yaleB24/yaleB24_P00A+015E+20.pgm;23
yaleB24/yaleB24_P00A+020E+10.pgm;23
yaleB24/yaleB24_P00A+020E-10.pgm;23
yaleB24/yaleB24_P00A+020E-40.pgm;23
yaleB24/yaleB24_P00A+025E+00.pgm;23
yaleB24/yaleB24_P00A+035E+15.pgm;23
yaleB24/yaleB24_P00A+035E+40.pgm;23
yaleB24/yaleB24_P00A+035E+65.pgm;23
yaleB24/yaleB24_P00A+035E-20.pgm;23
yaleB24/yaleB24_P00A+050E+00.pgm;23
yaleB24/yaleB24_P00A+050E-40.pgm;23
yaleB24/yaleB24_P00A+060E+20.pgm;23
yaleB24/yaleB24_P00A+060E-20.pgm;23
yaleB24/yaleB24_P00A+070E+00.pgm;23
yaleB24/yaleB24_P00A+070E+45.pgm;23
yaleB24/yaleB24_P00A+070E-35.pgm;23
yaleB24/yaleB24_P00A+085E+20.pgm;23
yaleB24/yaleB24_P00A+085E-20.pgm;23
yaleB24/yaleB24_P00A+095E+00.pgm;23
yaleB24/yaleB24_P00A+110E+15.pgm;23
yaleB24/yaleB24_P00A+110E+40.pgm;23
yaleB24/yaleB24_P00A+110E+65.pgm;23
yaleB24/yaleB24_P00A+110E-20.pgm;23
yaleB24/yaleB24_P00A+120E+00.pgm;23
yaleB24/yaleB24_P00A+130E+20.pgm;23
yaleB24/yaleB24_P00A-005E+10.pgm;23
yaleB24/yaleB24_P00A-005E-10.pgm;23
yaleB24/yaleB24_P00A-010E+00.pgm;23
yaleB24/yaleB24_P00A-010E-20.pgm;23
yaleB24/yaleB24_P00A-015E+20.pgm;23
yaleB24/yaleB24_P00A-020E+10.pgm;23
yaleB24/yaleB24_P00A-020E-10.pgm;23
yaleB24/yaleB24_P00A-020E-40.pgm;23
yaleB24/yaleB24_P00A-025E+00.pgm;23
yaleB24/yaleB24_P00A-035E+15.pgm;23
yaleB24/yaleB24_P00A-035E+40.pgm;23
yaleB24/yaleB24_P00A-035E+65.pgm;23
yaleB24/yaleB24_P00A-035E-20.pgm;23
yaleB24/yaleB24_P00A-050E+00.pgm;23
yaleB24/yaleB24_P00A-050E-40.pgm;23
yaleB24/yaleB24_P00A-060E+20.pgm;23
yaleB24/yaleB24_P00A-060E-20.pgm;23
yaleB24/yaleB24_P00A-070E+00.pgm;23
yaleB24/yaleB24_P00A-070E+45.pgm;23
yaleB24/yaleB24_P00A-070E-35.pgm;23
yaleB24/yaleB24_P00A-085E+20.pgm;23
yaleB24/yaleB24_P00A-085E-20.pgm;23
yaleB24/yaleB24_P00A-095E+00.pgm;23
yaleB24/yaleB24_P00A-110E+15.pgm;23
yaleB24/yaleB24_P00A-110E+40.pgm;23
yaleB24/yaleB24_P00A-110E+65.pgm;23
yaleB24/yaleB24_P00A-110E-20.pgm;23
yaleB24/yaleB24_P00A-120E+00.pgm;23
yaleB24/yaleB24_P00A-130E+20.pgm;23
yaleB24/yaleB24_P00_Ambient.pgm;23
yaleB25/yaleB25_P00A+000E+00.pgm;24
yaleB25/yaleB25_P00A+000E+20.pgm;24
yaleB25/yaleB25_P00A+000E+45.pgm;24
yaleB25/yaleB25_P00A+000E+90.pgm;24
yaleB25/yaleB25_P00A+000E-20.pgm;24
yaleB25/yaleB25_P00A+000E-35.pgm;24
yaleB25/yaleB25_P00A+005E+10.pgm;24
yaleB25/yaleB25_P00A+005E-10.pgm;24
yaleB25/yaleB25_P00A+010E+00.pgm;24
yaleB25/yaleB25_P00A+010E-20.pgm;24
yaleB25/yaleB25_P00A+015E+20.pgm;24
yaleB25/yaleB25_P00A+020E+10.pgm;24
yaleB25/yaleB25_P00A+020E-10.pgm;24
yaleB25/yaleB25_P00A+020E-40.pgm;24
yaleB25/yaleB25_P00A+025E+00.pgm;24
yaleB25/yaleB25_P00A+035E+15.pgm;24
yaleB25/yaleB25_P00A+035E+40.pgm;24
yaleB25/yaleB25_P00A+035E+65.pgm;24
yaleB25/yaleB25_P00A+035E-20.pgm;24
yaleB25/yaleB25_P00A+050E+00.pgm;24
yaleB25/yaleB25_P00A+050E-40.pgm;24
yaleB25/yaleB25_P00A+060E+20.pgm;24
yaleB25/yaleB25_P00A+060E-20.pgm;24
yaleB25/yaleB25_P00A+070E+00.pgm;24
yaleB25/yaleB25_P00A+070E+45.pgm;24
yaleB25/yaleB25_P00A+070E-35.pgm;24
yaleB25/yaleB25_P00A+085E+20.pgm;24
yaleB25/yaleB25_P00A+085E-20.pgm;24
yaleB25/yaleB25_P00A+095E+00.pgm;24
yaleB25/yaleB25_P00A+110E+15.pgm;24
yaleB25/yaleB25_P00A+110E+40.pgm;24
yaleB25/yaleB25_P00A+110E+65.pgm;24
yaleB25/yaleB25_P00A+110E-20.pgm;24
yaleB25/yaleB25_P00A+120E+00.pgm;24
yaleB25/yaleB25_P00A+130E+20.pgm;24
yaleB25/yaleB25_P00A-005E+10.pgm;24
yaleB25/yaleB25_P00A-005E-10.pgm;24
yaleB25/yaleB25_P00A-010E+00.pgm;24
yaleB25/yaleB25_P00A-010E-20.pgm;24
yaleB25/yaleB25_P00A-015E+20.pgm;24
yaleB25/yaleB25_P00A-020E+10.pgm;24
yaleB25/yaleB25_P00A-020E-10.pgm;24
yaleB25/yaleB25_P00A-020E-40.pgm;24
yaleB25/yaleB25_P00A-025E+00.pgm;24
yaleB25/yaleB25_P00A-035E+15.pgm;24
yaleB25/yaleB25_P00A-035E+40.pgm;24
yaleB25/yaleB25_P00A-035E+65.pgm;24
yaleB25/yaleB25_P00A-035E-20.pgm;24
yaleB25/yaleB25_P00A-050E+00.pgm;24
yaleB25/yaleB25_P00A-050E-40.pgm;24
yaleB25/yaleB25_P00A-060E+20.pgm;24
yaleB25/yaleB25_P00A-060E-20.pgm;24
yaleB25/yaleB25_P00A-070E+00.pgm;24
yaleB25/yaleB25_P00A-070E+45.pgm;24
yaleB25/yaleB25_P00A-070E-35.pgm;24
yaleB25/yaleB25_P00A-085E+20.pgm;24
yaleB25/yaleB25_P00A-085E-20.pgm;24
yaleB25/yaleB25_P00A-095E+00.pgm;24
yaleB25/yaleB25_P00A-110E+15.pgm;24
yaleB25/yaleB25_P00A-110E+40.pgm;24
yaleB25/yaleB25_P00A-110E+65.pgm;24
yaleB25/yaleB25_P00A-110E-20.pgm;24
yaleB25/yaleB25_P00A-120E+00.pgm;24
yaleB25/yaleB25_P00A-130E+20.pgm;24
yaleB25/yaleB25_P00_Ambient.pgm;24
yaleB26/yaleB26_P00A+000E+00.pgm;25
yaleB26/yaleB26_P00A+000E+20.pgm;25
yaleB26/yaleB26_P00A+000E+45.pgm;25
yaleB26/yaleB26_P00A+000E+90.pgm;25
yaleB26/yaleB26_P00A+000E-20.pgm;25
yaleB26/yaleB26_P00A+000E-35.pgm;25
yaleB26/yaleB26_P00A+005E+10.pgm;25
yaleB26/yaleB26_P00A+005E-10.pgm;25
yaleB26/yaleB26_P00A+010E+00.pgm;25
yaleB26/yaleB26_P00A+010E-20.pgm;25
yaleB26/yaleB26_P00A+015E+20.pgm;25
yaleB26/yaleB26_P00A+020E+10.pgm;25
yaleB26/yaleB26_P00A+020E-10.pgm;25
yaleB26/yaleB26_P00A+020E-40.pgm;25
yaleB26/yaleB26_P00A+025E+00.pgm;25
yaleB26/yaleB26_P00A+035E+15.pgm;25
yaleB26/yaleB26_P00A+035E+40.pgm;25
yaleB26/yaleB26_P00A+035E+65.pgm;25
yaleB26/yaleB26_P00A+035E-20.pgm;25
yaleB26/yaleB26_P00A+050E+00.pgm;25
yaleB26/yaleB26_P00A+050E-40.pgm;25
yaleB26/yaleB26_P00A+060E+20.pgm;25
yaleB26/yaleB26_P00A+060E-20.pgm;25
yaleB26/yaleB26_P00A+070E+00.pgm;25
yaleB26/yaleB26_P00A+070E+45.pgm;25
yaleB26/yaleB26_P00A+070E-35.pgm;25
yaleB26/yaleB26_P00A+085E+20.pgm;25
yaleB26/yaleB26_P00A+085E-20.pgm;25
yaleB26/yaleB26_P00A+095E+00.pgm;25
yaleB26/yaleB26_P00A+110E+15.pgm;25
yaleB26/yaleB26_P00A+110E+40.pgm;25
yaleB26/yaleB26_P00A+110E+65.pgm;25
yaleB26/yaleB26_P00A+110E-20.pgm;25
yaleB26/yaleB26_P00A+120E+00.pgm;25
yaleB26/yaleB26_P00A+130E+20.pgm;25
yaleB26/yaleB26_P00A-005E+10.pgm;25
yaleB26/yaleB26_P00A-005E-10.pgm;25
yaleB26/yaleB26_P00A-010E+00.pgm;25
yaleB26/yaleB26_P00A-010E-20.pgm;25
yaleB26/yaleB26_P00A-015E+20.pgm;25
yaleB26/yaleB26_P00A-020E+10.pgm;25
yaleB26/yaleB26_P00A-020E-10.pgm;25
yaleB26/yaleB26_P00A-020E-40.pgm;25
yaleB26/yaleB26_P00A-025E+00.pgm;25
yaleB26/yaleB26_P00A-035E+15.pgm;25
yaleB26/yaleB26_P00A-035E+40.pgm;25
yaleB26/yaleB26_P00A-035E+65.pgm;25
yaleB26/yaleB26_P00A-035E-20.pgm;25
yaleB26/yaleB26_P00A-050E+00.pgm;25
yaleB26/yaleB26_P00A-050E-40.pgm;25
yaleB26/yaleB26_P00A-060E+20.pgm;25
yaleB26/yaleB26_P00A-060E-20.pgm;25
yaleB26/yaleB26_P00A-070E+00.pgm;25
yaleB26/yaleB26_P00A-070E+45.pgm;25
yaleB26/yaleB26_P00A-070E-35.pgm;25
yaleB26/yaleB26_P00A-085E+20.pgm;25
yaleB26/yaleB26_P00A-085E-20.pgm;25
yaleB26/yaleB26_P00A-095E+00.pgm;25
yaleB26/yaleB26_P00A-110E+15.pgm;25
yaleB26/yaleB26_P00A-110E+40.pgm;25
yaleB26/yaleB26_P00A-110E+65.pgm;25
yaleB26/yaleB26_P00A-110E-20.pgm;25
yaleB26/yaleB26_P00A-120E+00.pgm;25
yaleB26/yaleB26_P00A-130E+20.pgm;25
yaleB26/yaleB26_P00_Ambient.pgm;25
yaleB27/yaleB27_P00A+000E+00.pgm;26
yaleB27/yaleB27_P00A+000E+20.pgm;26
yaleB27/yaleB27_P00A+000E+45.pgm;26
yaleB27/yaleB27_P00A+000E+90.pgm;26
yaleB27/yaleB27_P00A+000E-20.pgm;26
yaleB27/yaleB27_P00A+000E-35.pgm;26
yaleB27/yaleB27_P00A+005E+10.pgm;26
yaleB27/yaleB27_P00A+005E-10.pgm;26
yaleB27/yaleB27_P00A+010E+00.pgm;26
yaleB27/yaleB27_P00A+010E-20.pgm;26
yaleB27/yaleB27_P00A+015E+20.pgm;26
yaleB27/yaleB27_P00A+020E+10.pgm;26
yaleB27/yaleB27_P00A+020E-10.pgm;26
yaleB27/yaleB27_P00A+020E-40.pgm;26
yaleB27/yaleB27_P00A+025E+00.pgm;26
yaleB27/yaleB27_P00A+035E+15.pgm;26
yaleB27/yaleB27_P00A+035E+40.pgm;26
yaleB27/yaleB27_P00A+035E+65.pgm;26
yaleB27/yaleB27_P00A+035E-20.pgm;26
yaleB27/yaleB27_P00A+050E+00.pgm;26
yaleB27/yaleB27_P00A+050E-40.pgm;26
yaleB27/yaleB27_P00A+060E+20.pgm;26
yaleB27/yaleB27_P00A+060E-20.pgm;26
yaleB27/yaleB27_P00A+070E+00.pgm;26
yaleB27/yaleB27_P00A+070E+45.pgm;26
yaleB27/yaleB27_P00A+070E-35.pgm;26
yaleB27/yaleB27_P00A+085E+20.pgm;26
yaleB27/yaleB27_P00A+085E-20.pgm;26
yaleB27/yaleB27_P00A+095E+00.pgm;26
yaleB27/yaleB27_P00A+110E+15.pgm;26
yaleB27/yaleB27_P00A+110E+40.pgm;26
yaleB27/yaleB27_P00A+110E+65.pgm;26
yaleB27/yaleB27_P00A+110E-20.pgm;26
yaleB27/yaleB27_P00A+120E+00.pgm;26
yaleB27/yaleB27_P00A+130E+20.pgm;26
yaleB27/yaleB27_P00A-005E+10.pgm;26
yaleB27/yaleB27_P00A-005E-10.pgm;26
yaleB27/yaleB27_P00A-010E+00.pgm;26
yaleB27/yaleB27_P00A-010E-20.pgm;26
yaleB27/yaleB27_P00A-015E+20.pgm;26
yaleB27/yaleB27_P00A-020E+10.pgm;26
yaleB27/yaleB27_P00A-020E-10.pgm;26
yaleB27/yaleB27_P00A-020E-40.pgm;26
yaleB27/yaleB27_P00A-025E+00.pgm;26
yaleB27/yaleB27_P00A-035E+15.pgm;26
yaleB27/yaleB27_P00A-035E+40.pgm;26
yaleB27/yaleB27_P00A-035E+65.pgm;26
yaleB27/yaleB27_P00A-035E-20.pgm;26
yaleB27/yaleB27_P00A-050E+00.pgm;26
yaleB27/yaleB27_P00A-050E-40.pgm;26
yaleB27/yaleB27_P00A-060E+20.pgm;26
yaleB27/yaleB27_P00A-060E-20.pgm;26
yaleB27/yaleB27_P00A-070E+00.pgm;26
yaleB27/yaleB27_P00A-070E+45.pgm;26
yaleB27/yaleB27_P00A-070E-35.pgm;26
yaleB27/yaleB27_P00A-085E+20.pgm;26
yaleB27/yaleB27_P00A-085E-20.pgm;26
yaleB27/yaleB27_P00A-095E+00.pgm;26
yaleB27/yaleB27_P00A-110E+15.pgm;26
yaleB27/yaleB27_P00A-110E+40.pgm;26
yaleB27/yaleB27_P00A-110E+65.pgm;26
yaleB27/yaleB27_P00A-110E-20.pgm;26
yaleB27/yaleB27_P00A-120E+00.pgm;26
yaleB27/yaleB27_P00A-130E+20.pgm;26
yaleB27/yaleB27_P00_Ambient.pgm;26
yaleB28/yaleB28_P00A+000E+00.pgm;27
yaleB28/yaleB28_P00A+000E+20.pgm;27
yaleB28/yaleB28_P00A+000E+45.pgm;27
yaleB28/yaleB28_P00A+000E+90.pgm;27
yaleB28/yaleB28_P00A+000E-20.pgm;27
yaleB28/yaleB28_P00A+000E-35.pgm;27
yaleB28/yaleB28_P00A+005E+10.pgm;27
yaleB28/yaleB28_P00A+005E-10.pgm;27
yaleB28/yaleB28_P00A+010E+00.pgm;27
yaleB28/yaleB28_P00A+010E-20.pgm;27
yaleB28/yaleB28_P00A+015E+20.pgm;27
yaleB28/yaleB28_P00A+020E+10.pgm;27
yaleB28/yaleB28_P00A+020E-10.pgm;27
yaleB28/yaleB28_P00A+020E-40.pgm;27
yaleB28/yaleB28_P00A+025E+00.pgm;27
yaleB28/yaleB28_P00A+035E+15.pgm;27
yaleB28/yaleB28_P00A+035E+40.pgm;27
yaleB28/yaleB28_P00A+035E+65.pgm;27
yaleB28/yaleB28_P00A+035E-20.pgm;27
yaleB28/yaleB28_P00A+050E+00.pgm;27
yaleB28/yaleB28_P00A+050E-40.pgm;27
yaleB28/yaleB28_P00A+060E+20.pgm;27
yaleB28/yaleB28_P00A+060E-20.pgm;27
yaleB28/yaleB28_P00A+070E+00.pgm;27
yaleB28/yaleB28_P00A+070E+45.pgm;27
yaleB28/yaleB28_P00A+070E-35.pgm;27
yaleB28/yaleB28_P00A+085E+20.pgm;27
yaleB28/yaleB28_P00A+085E-20.pgm;27
yaleB28/yaleB28_P00A+095E+00.pgm;27
yaleB28/yaleB28_P00A+110E+15.pgm;27
yaleB28/yaleB28_P00A+110E+40.pgm;27
yaleB28/yaleB28_P00A+110E+65.pgm;27
yaleB28/yaleB28_P00A+110E-20.pgm;27
yaleB28/yaleB28_P00A+120E+00.pgm;27
yaleB28/yaleB28_P00A+130E+20.pgm;27
yaleB28/yaleB28_P00A-005E+10.pgm;27
yaleB28/yaleB28_P00A-005E-10.pgm;27
yaleB28/yaleB28_P00A-010E+00.pgm;27
yaleB28/yaleB28_P00A-010E-20.pgm;27
yaleB28/yaleB28_P00A-015E+20.pgm;27
yaleB28/yaleB28_P00A-020E+10.pgm;27
yaleB28/yaleB28_P00A-020E-10.pgm;27
yaleB28/yaleB28_P00A-020E-40.pgm;27
yaleB28/yaleB28_P00A-025E+00.pgm;27
yaleB28/yaleB28_P00A-035E+15.pgm;27
yaleB28/yaleB28_P00A-035E+40.pgm;27
yaleB28/yaleB28_P00A-035E+65.pgm;27
yaleB28/yaleB28_P00A-035E-20.pgm;27
yaleB28/yaleB28_P00A-050E+00.pgm;27
yaleB28/yaleB28_P00A-050E-40.pgm;27
yaleB28/yaleB28_P00A-060E+20.pgm;27
yaleB28/yaleB28_P00A-060E-20.pgm;27
yaleB28/yaleB28_P00A-070E+00.pgm;27
yaleB28/yaleB28_P00A-070E+45.pgm;27
yaleB28/yaleB28_P00A-070E-35.pgm;27
yaleB28/yaleB28_P00A-085E+20.pgm;27
yaleB28/yaleB28_P00A-085E-20.pgm;27
yaleB28/yaleB28_P00A-095E+00.pgm;27
yaleB28/yaleB28_P00A-110E+15.pgm;27
yaleB28/yaleB28_P00A-110E+40.pgm;27
yaleB28/yaleB28_P00A-110E+65.pgm;27
yaleB28/yaleB28_P00A-110E-20.pgm;27
yaleB28/yaleB28_P00A-120E+00.pgm;27
yaleB28/yaleB28_P00A-130E+20.pgm;27
yaleB28/yaleB28_P00_Ambient.pgm;27
yaleB29/yaleB29_P00A+000E+00.pgm;28
yaleB29/yaleB29_P00A+000E+20.pgm;28
yaleB29/yaleB29_P00A+000E+45.pgm;28
yaleB29/yaleB29_P00A+000E+90.pgm;28
yaleB29/yaleB29_P00A+000E-20.pgm;28
yaleB29/yaleB29_P00A+000E-35.pgm;28
yaleB29/yaleB29_P00A+005E+10.pgm;28
yaleB29/yaleB29_P00A+005E-10.pgm;28
yaleB29/yaleB29_P00A+010E+00.pgm;28
yaleB29/yaleB29_P00A+010E-20.pgm;28
yaleB29/yaleB29_P00A+015E+20.pgm;28
yaleB29/yaleB29_P00A+020E+10.pgm;28
yaleB29/yaleB29_P00A+020E-10.pgm;28
yaleB29/yaleB29_P00A+020E-40.pgm;28
yaleB29/yaleB29_P00A+025E+00.pgm;28
yaleB29/yaleB29_P00A+035E+15.pgm;28
yaleB29/yaleB29_P00A+035E+40.pgm;28
yaleB29/yaleB29_P00A+035E+65.pgm;28
yaleB29/yaleB29_P00A+035E-20.pgm;28
yaleB29/yaleB29_P00A+050E+00.pgm;28
yaleB29/yaleB29_P00A+050E-40.pgm;28
yaleB29/yaleB29_P00A+060E+20.pgm;28
yaleB29/yaleB29_P00A+060E-20.pgm;28
yaleB29/yaleB29_P00A+070E+00.pgm;28
yaleB29/yaleB29_P00A+070E+45.pgm;28
yaleB29/yaleB29_P00A+070E-35.pgm;28
yaleB29/yaleB29_P00A+085E+20.pgm;28
yaleB29/yaleB29_P00A+085E-20.pgm;28
yaleB29/yaleB29_P00A+095E+00.pgm;28
yaleB29/yaleB29_P00A+110E+15.pgm;28
yaleB29/yaleB29_P00A+110E+40.pgm;28
yaleB29/yaleB29_P00A+110E+65.pgm;28
yaleB29/yaleB29_P00A+110E-20.pgm;28
yaleB29/yaleB29_P00A+120E+00.pgm;28
yaleB29/yaleB29_P00A+130E+20.pgm;28
yaleB29/yaleB29_P00A-005E+10.pgm;28
yaleB29/yaleB29_P00A-005E-10.pgm;28
yaleB29/yaleB29_P00A-010E+00.pgm;28
yaleB29/yaleB29_P00A-010E-20.pgm;28
yaleB29/yaleB29_P00A-015E+20.pgm;28
yaleB29/yaleB29_P00A-020E+10.pgm;28
yaleB29/yaleB29_P00A-020E-10.pgm;28
yaleB29/yaleB29_P00A-020E-40.pgm;28
yaleB29/yaleB29_P00A-025E+00.pgm;28
yaleB29/yaleB29_P00A-035E+15.pgm;28
yaleB29/yaleB29_P00A-035E+40.pgm;28
yaleB29/yaleB29_P00A-035E+65.pgm;28
yaleB29/yaleB29_P00A-035E-20.pgm;28
yaleB29/yaleB29_P00A-050E+00.pgm;28
yaleB29/yaleB29_P00A-050E-40.pgm;28
yaleB29/yaleB29_P00A-060E+20.pgm;28
yaleB29/yaleB29_P00A-060E-20.pgm;28
yaleB29/yaleB29_P00A-070E+00.pgm;28
yaleB29/yaleB29_P00A-070E+45.pgm;28
yaleB29/yaleB29_P00A-070E-35.pgm;28
yaleB29/yaleB29_P00A-085E+20.pgm;28
yaleB29/yaleB29_P00A-085E-20.pgm;28
yaleB29/yaleB29_P00A-095E+00.pgm;28
yaleB29/yaleB29_P00A-110E+15.pgm;28
yaleB29/yaleB29_P00A-110E+40.pgm;28
yaleB29/yaleB29_P00A-110E+65.pgm;28
yaleB29/yaleB29_P00A-110E-20.pgm;28
yaleB29/yaleB29_P00A-120E+00.pgm;28
yaleB29/yaleB29_P00A-130E+20.pgm;28
yaleB29/yaleB29_P00_Ambient.pgm;28
yaleB30/yaleB30_P00A+000E+00.pgm;29
yaleB30/yaleB30_P00A+000E+20.pgm;29
yaleB30/yaleB30_P00A+000E+45.pgm;29
yaleB30/yaleB30_P00A+000E+90.pgm;29
yaleB30/yaleB30_P00A+000E-20.pgm;29
yaleB30/yaleB30_P00A+000E-35.pgm;29
yaleB30/yaleB30_P00A+005E+10.pgm;29
yaleB30/yaleB30_P00A+005E-10.pgm;29
yaleB30/yaleB30_P00A+010E+00.pgm;29
yaleB30/yaleB30_P00A+010E-20.pgm;29
yaleB30/yaleB30_P00A+015E+20.pgm;29
yaleB30/yaleB30_P00A+020E+10.pgm;29
yaleB30/yaleB30_P00A+020E-10.pgm;29
yaleB30/yaleB30_P00A+020E-40.pgm;29
yaleB30/yaleB30_P00A+025E+00.pgm;29
yaleB30/yaleB30_P00A+035E+15.pgm;29
yaleB30/yaleB30_P00A+035E+40.pgm;29
yaleB30/yaleB30_P00A+035E+65.pgm;29
yaleB30/yaleB30_P00A+035E-20.pgm;29
yaleB30/yaleB30_P00A+050E+00.pgm;29
yaleB30/yaleB30_P00A+050E-40.pgm;29
yaleB30/yaleB30_P00A+060E+20.pgm;29
yaleB30/yaleB30_P00A+060E-20.pgm;29
yaleB30/yaleB30_P00A+070E+00.pgm;29
yaleB30/yaleB30_P00A+070E+45.pgm;29
yaleB30/yaleB30_P00A+070E-35.pgm;29
yaleB30/yaleB30_P00A+085E+20.pgm;29
yaleB30/yaleB30_P00A+085E-20.pgm;29
yaleB30/yaleB30_P00A+095E+00.pgm;29
yaleB30/yaleB30_P00A+110E+15.pgm;29
yaleB30/yaleB30_P00A+110E+40.pgm;29
yaleB30/yaleB30_P00A+110E+65.pgm;29
yaleB30/yaleB30_P00A+110E-20.pgm;29
yaleB30/yaleB30_P00A+120E+00.pgm;29
yaleB30/yaleB30_P00A+130E+20.pgm;29
yaleB30/yaleB30_P00A-005E+10.pgm;29
yaleB30/yaleB30_P00A-005E-10.pgm;29
yaleB30/yaleB30_P00A-010E+00.pgm;29
yaleB30/yaleB30_P00A-010E-20.pgm;29
yaleB30/yaleB30_P00A-015E+20.pgm;29
yaleB30/yaleB30_P00A-020E+10.pgm;29
yaleB30/yaleB30_P00A-020E-10.pgm;29
yaleB30/yaleB30_P00A-020E-40.pgm;29
yaleB30/yaleB30_P00A-025E+00.pgm;29
yaleB30/yaleB30_P00A-035E+15.pgm;29
yaleB30/yaleB30_P00A-035E+40.pgm;29
yaleB30/yaleB30_P00A-035E+65.pgm;29
yaleB30/yaleB30_P00A-035E-20.pgm;29
yaleB30/yaleB30_P00A-050E+00.pgm;29
yaleB30/yaleB30_P00A-050E-40.pgm;29
yaleB30/yaleB30_P00A-060E+20.pgm;29
yaleB30/yaleB30_P00A-060E-20.pgm;29
yaleB30/yaleB30_P00A-070E+00.pgm;29
yaleB30/yaleB30_P00A-070E+45.pgm;29
yaleB30/yaleB30_P00A-070E-35.pgm;29
yaleB30/yaleB30_P00A-085E+20.pgm;29
yaleB30/yaleB30_P00A-085E-20.pgm;29
yaleB30/yaleB30_P00A-095E+00.pgm;29
yaleB30/yaleB30_P00A-110E+15.pgm;29
yaleB30/yaleB30_P00A-110E+40.pgm;29
yaleB30/yaleB30_P00A-110E+65.pgm;29
yaleB30/yaleB30_P00A-110E-20.pgm;29
yaleB30/yaleB30_P00A-120E+00.pgm;29
yaleB30/yaleB30_P00A-130E+20.pgm;29
yaleB30/yaleB30_P00_Ambient.pgm;29
yaleB31/yaleB31_P00A+000E+00.pgm;30
yaleB31/yaleB31_P00A+000E+20.pgm;30
yaleB31/yaleB31_P00A+000E+45.pgm;30
yaleB31/yaleB31_P00A+000E+90.pgm;30
yaleB31/yaleB31_P00A+000E-20.pgm;30
yaleB31/yaleB31_P00A+000E-35.pgm;30
yaleB31/yaleB31_P00A+005E+10.pgm;30
yaleB31/yaleB31_P00A+005E-10.pgm;30
yaleB31/yaleB31_P00A+010E+00.pgm;30
yaleB31/yaleB31_P00A+010E-20.pgm;30
yaleB31/yaleB31_P00A+015E+20.pgm;30
yaleB31/yaleB31_P00A+020E+10.pgm;30
yaleB31/yaleB31_P00A+020E-10.pgm;30
yaleB31/yaleB31_P00A+020E-40.pgm;30
yaleB31/yaleB31_P00A+025E+00.pgm;30
yaleB31/yaleB31_P00A+035E+15.pgm;30
yaleB31/yaleB31_P00A+035E+40.pgm;30
yaleB31/yaleB31_P00A+035E+65.pgm;30
yaleB31/yaleB31_P00A+035E-20.pgm;30
yaleB31/yaleB31_P00A+050E+00.pgm;30
yaleB31/yaleB31_P00A+050E-40.pgm;30
yaleB31/yaleB31_P00A+060E+20.pgm;30
yaleB31/yaleB31_P00A+060E-20.pgm;30
yaleB31/yaleB31_P00A+070E+00.pgm;30
yaleB31/yaleB31_P00A+070E+45.pgm;30
yaleB31/yaleB31_P00A+070E-35.pgm;30
yaleB31/yaleB31_P00A+085E+20.pgm;30
yaleB31/yaleB31_P00A+085E-20.pgm;30
yaleB31/yaleB31_P00A+095E+00.pgm;30
yaleB31/yaleB31_P00A+110E+15.pgm;30
yaleB31/yaleB31_P00A+110E+40.pgm;30
yaleB31/yaleB31_P00A+110E+65.pgm;30
yaleB31/yaleB31_P00A+110E-20.pgm;30
yaleB31/yaleB31_P00A+120E+00.pgm;30
yaleB31/yaleB31_P00A+130E+20.pgm;30
yaleB31/yaleB31_P00A-005E+10.pgm;30
yaleB31/yaleB31_P00A-005E-10.pgm;30
yaleB31/yaleB31_P00A-010E+00.pgm;30
yaleB31/yaleB31_P00A-010E-20.pgm;30
yaleB31/yaleB31_P00A-015E+20.pgm;30
yaleB31/yaleB31_P00A-020E+10.pgm;30
yaleB31/yaleB31_P00A-020E-10.pgm;30
yaleB31/yaleB31_P00A-020E-40.pgm;30
yaleB31/yaleB31_P00A-025E+00.pgm;30
yaleB31/yaleB31_P00A-035E+15.pgm;30
yaleB31/yaleB31_P00A-035E+40.pgm;30
yaleB31/yaleB31_P00A-035E+65.pgm;30
yaleB31/yaleB31_P00A-035E-20.pgm;30
yaleB31/yaleB31_P00A-050E+00.pgm;30
yaleB31/yaleB31_P00A-050E-40.pgm;30
yaleB31/yaleB31_P00A-060E+20.pgm;30
yaleB31/yaleB31_P00A-060E-20.pgm;30
yaleB31/yaleB31_P00A-070E+00.pgm;30
yaleB31/yaleB31_P00A-070E+45.pgm;30
yaleB31/yaleB31_P00A-070E-35.pgm;30
yaleB31/yaleB31_P00A-085E+20.pgm;30
yaleB31/yaleB31_P00A-085E-20.pgm;30
yaleB31/yaleB31_P00A-095E+00.pgm;30
yaleB31/yaleB31_P00A-110E+15.pgm;30
yaleB31/yaleB31_P00A-110E+40.pgm;30
yaleB31/yaleB31_P00A-110E+65.pgm;30
yaleB31/yaleB31_P00A-110E-20.pgm;30
yaleB31/yaleB31_P00A-120E+00.pgm;30
yaleB31/yaleB31_P00A-130E+20.pgm;30
yaleB31/yaleB31_P00_Ambient.pgm;30
yaleB32/yaleB32_P00A+000E+00.pgm;31
yaleB32/yaleB32_P00A+000E+20.pgm;31
yaleB32/yaleB32_P00A+000E+45.pgm;31
yaleB32/yaleB32_P00A+000E+90.pgm;31
yaleB32/yaleB32_P00A+000E-20.pgm;31
yaleB32/yaleB32_P00A+000E-35.pgm;31
yaleB32/yaleB32_P00A+005E+10.pgm;31
yaleB32/yaleB32_P00A+005E-10.pgm;31
yaleB32/yaleB32_P00A+010E+00.pgm;31
yaleB32/yaleB32_P00A+010E-20.pgm;31
yaleB32/yaleB32_P00A+015E+20.pgm;31
yaleB32/yaleB32_P00A+020E+10.pgm;31
yaleB32/yaleB32_P00A+020E-10.pgm;31
yaleB32/yaleB32_P00A+020E-40.pgm;31
yaleB32/yaleB32_P00A+025E+00.pgm;31
yaleB32/yaleB32_P00A+035E+15.pgm;31
yaleB32/yaleB32_P00A+035E+40.pgm;31
yaleB32/yaleB32_P00A+035E+65.pgm;31
yaleB32/yaleB32_P00A+035E-20.pgm;31
yaleB32/yaleB32_P00A+050E+00.pgm;31
yaleB32/yaleB32_P00A+050E-40.pgm;31
yaleB32/yaleB32_P00A+060E+20.pgm;31
yaleB32/yaleB32_P00A+060E-20.pgm;31
yaleB32/yaleB32_P00A+070E+00.pgm;31
yaleB32/yaleB32_P00A+070E+45.pgm;31
yaleB32/yaleB32_P00A+070E-35.pgm;31
yaleB32/yaleB32_P00A+085E+20.pgm;31
yaleB32/yaleB32_P00A+085E-20.pgm;31
yaleB32/yaleB32_P00A+095E+00.pgm;31
yaleB32/yaleB32_P00A+110E+15.pgm;31
yaleB32/yaleB32_P00A+110E+40.pgm;31
yaleB32/yaleB32_P00A+110E+65.pgm;31
yaleB32/yaleB32_P00A+110E-20.pgm;31
yaleB32/yaleB32_P00A+120E+00.pgm;31
yaleB32/yaleB32_P00A+130E+20.pgm;31
yaleB32/yaleB32_P00A-005E+10.pgm;31
yaleB32/yaleB32_P00A-005E-10.pgm;31
yaleB32/yaleB32_P00A-010E+00.pgm;31
yaleB32/yaleB32_P00A-010E-20.pgm;31
yaleB32/yaleB32_P00A-015E+20.pgm;31
yaleB32/yaleB32_P00A-020E+10.pgm;31
yaleB32/yaleB32_P00A-020E-10.pgm;31
yaleB32/yaleB32_P00A-020E-40.pgm;31
yaleB32/yaleB32_P00A-025E+00.pgm;31
yaleB32/yaleB32_P00A-035E+15.pgm;31
yaleB32/yaleB32_P00A-035E+40.pgm;31
yaleB32/yaleB32_P00A-035E+65.pgm;31
yaleB32/yaleB32_P00A-035E-20.pgm;31
yaleB32/yaleB32_P00A-050E+00.pgm;31
yaleB32/yaleB32_P00A-050E-40.pgm;31
yaleB32/yaleB32_P00A-060E+20.pgm;31
yaleB32/yaleB32_P00A-060E-20.pgm;31
yaleB32/yaleB32_P00A-070E+00.pgm;31
yaleB32/yaleB32_P00A-070E+45.pgm;31
yaleB32/yaleB32_P00A-070E-35.pgm;31
yaleB32/yaleB32_P00A-085E+20.pgm;31
yaleB32/yaleB32_P00A-085E-20.pgm;31
yaleB32/yaleB32_P00A-095E+00.pgm;31
yaleB32/yaleB32_P00A-110E+15.pgm;31
yaleB32/yaleB32_P00A-110E+40.pgm;31
yaleB32/yaleB32_P00A-110E+65.pgm;31
yaleB32/yaleB32_P00A-110E-20.pgm;31
yaleB32/yaleB32_P00A-120E+00.pgm;31
yaleB32/yaleB32_P00A-130E+20.pgm;31
yaleB32/yaleB32_P00_Ambient.pgm;31
yaleB33/yaleB33_P00A+000E+00.pgm;32
yaleB33/yaleB33_P00A+000E+20.pgm;32
yaleB33/yaleB33_P00A+000E+45.pgm;32
yaleB33/yaleB33_P00A+000E+90.pgm;32
yaleB33/yaleB33_P00A+000E-20.pgm;32
yaleB33/yaleB33_P00A+000E-35.pgm;32
yaleB33/yaleB33_P00A+005E+10.pgm;32
yaleB33/yaleB33_P00A+005E-10.pgm;32
yaleB33/yaleB33_P00A+010E+00.pgm;32
yaleB33/yaleB33_P00A+010E-20.pgm;32
yaleB33/yaleB33_P00A+015E+20.pgm;32
yaleB33/yaleB33_P00A+020E+10.pgm;32
yaleB33/yaleB33_P00A+020E-10.pgm;32
yaleB33/yaleB33_P00A+020E-40.pgm;32
yaleB33/yaleB33_P00A+025E+00.pgm;32
yaleB33/yaleB33_P00A+035E+15.pgm;32
yaleB33/yaleB33_P00A+035E+40.pgm;32
yaleB33/yaleB33_P00A+035E+65.pgm;32
yaleB33/yaleB33_P00A+035E-20.pgm;32
yaleB33/yaleB33_P00A+050E+00.pgm;32
yaleB33/yaleB33_P00A+050E-40.pgm;32
yaleB33/yaleB33_P00A+060E+20.pgm;32
yaleB33/yaleB33_P00A+060E-20.pgm;32
yaleB33/yaleB33_P00A+070E+00.pgm;32
yaleB33/yaleB33_P00A+070E+45.pgm;32
yaleB33/yaleB33_P00A+070E-35.pgm;32
yaleB33/yaleB33_P00A+085E+20.pgm;32
yaleB33/yaleB33_P00A+085E-20.pgm;32
yaleB33/yaleB33_P00A+095E+00.pgm;32
yaleB33/yaleB33_P00A+110E+15.pgm;32
yaleB33/yaleB33_P00A+110E+40.pgm;32
yaleB33/yaleB33_P00A+110E+65.pgm;32
yaleB33/yaleB33_P00A+110E-20.pgm;32
yaleB33/yaleB33_P00A+120E+00.pgm;32
yaleB33/yaleB33_P00A+130E+20.pgm;32
yaleB33/yaleB33_P00A-005E+10.pgm;32
yaleB33/yaleB33_P00A-005E-10.pgm;32
yaleB33/yaleB33_P00A-010E+00.pgm;32
yaleB33/yaleB33_P00A-010E-20.pgm;32
yaleB33/yaleB33_P00A-015E+20.pgm;32
yaleB33/yaleB33_P00A-020E+10.pgm;32
yaleB33/yaleB33_P00A-020E-10.pgm;32
yaleB33/yaleB33_P00A-020E-40.pgm;32
yaleB33/yaleB33_P00A-025E+00.pgm;32
yaleB33/yaleB33_P00A-035E+15.pgm;32
yaleB33/yaleB33_P00A-035E+40.pgm;32
yaleB33/yaleB33_P00A-035E+65.pgm;32
yaleB33/yaleB33_P00A-035E-20.pgm;32
yaleB33/yaleB33_P00A-050E+00.pgm;32
yaleB33/yaleB33_P00A-050E-40.pgm;32
yaleB33/yaleB33_P00A-060E+20.pgm;32
yaleB33/yaleB33_P00A-060E-20.pgm;32
yaleB33/yaleB33_P00A-070E+00.pgm;32
yaleB33/yaleB33_P00A-070E+45.pgm;32
yaleB33/yaleB33_P00A-070E-35.pgm;32
yaleB33/yaleB33_P00A-085E+20.pgm;32
yaleB33/yaleB33_P00A-085E-20.pgm;32
yaleB33/yaleB33_P00A-095E+00.pgm;32
yaleB33/yaleB33_P00A-110E+15.pgm;32
yaleB33/yaleB33_P00A-110E+40.pgm;32
yaleB33/yaleB33_P00A-110E+65.pgm;32
yaleB33/yaleB33_P00A-110E-20.pgm;32
yaleB33/yaleB33_P00A-120E+00.pgm;32
yaleB33/yaleB33_P00A-130E+20.pgm;32
yaleB33/yaleB33_P00_Ambient.pgm;32
yaleB34/yaleB34_P00A+000E+00.pgm;33
yaleB34/yaleB34_P00A+000E+20.pgm;33
yaleB34/yaleB34_P00A+000E+45.pgm;33
yaleB34/yaleB34_P00A+000E+90.pgm;33
yaleB34/yaleB34_P00A+000E-20.pgm;33
yaleB34/yaleB34_P00A+000E-35.pgm;33
yaleB34/yaleB34_P00A+005E+10.pgm;33
yaleB34/yaleB34_P00A+005E-10.pgm;33
yaleB34/yaleB34_P00A+010E+00.pgm;33
yaleB34/yaleB34_P00A+010E-20.pgm;33
yaleB34/yaleB34_P00A+015E+20.pgm;33
yaleB34/yaleB34_P00A+020E+10.pgm;33
yaleB34/yaleB34_P00A+020E-10.pgm;33
yaleB34/yaleB34_P00A+020E-40.pgm;33
yaleB34/yaleB34_P00A+025E+00.pgm;33
yaleB34/yaleB34_P00A+035E+15.pgm;33
yaleB34/yaleB34_P00A+035E+40.pgm;33
yaleB34/yaleB34_P00A+035E+65.pgm;33
yaleB34/yaleB34_P00A+035E-20.pgm;33
yaleB34/yaleB34_P00A+050E+00.pgm;33
yaleB34/yaleB34_P00A+050E-40.pgm;33
yaleB34/yaleB34_P00A+060E+20.pgm;33
yaleB34/yaleB34_P00A+060E-20.pgm;33
yaleB34/yaleB34_P00A+070E+00.pgm;33
yaleB34/yaleB34_P00A+070E+45.pgm;33
yaleB34/yaleB34_P00A+070E-35.pgm;33
yaleB34/yaleB34_P00A+085E+20.pgm;33
yaleB34/yaleB34_P00A+085E-20.pgm;33
yaleB34/yaleB34_P00A+095E+00.pgm;33
yaleB34/yaleB34_P00A+110E+15.pgm;33
yaleB34/yaleB34_P00A+110E+40.pgm;33
yaleB34/yaleB34_P00A+110E+65.pgm;33
yaleB34/yaleB34_P00A+110E-20.pgm;33
yaleB34/yaleB34_P00A+120E+00.pgm;33
yaleB34/yaleB34_P00A+130E+20.pgm;33
yaleB34/yaleB34_P00A-005E+10.pgm;33
yaleB34/yaleB34_P00A-005E-10.pgm;33
yaleB34/yaleB34_P00A-010E+00.pgm;33
yaleB34/yaleB34_P00A-010E-20.pgm;33
yaleB34/yaleB34_P00A-015E+20.pgm;33
yaleB34/yaleB34_P00A-020E+10.pgm;33
yaleB34/yaleB34_P00A-020E-10.pgm;33
yaleB34/yaleB34_P00A-020E-40.pgm;33
yaleB34/yaleB34_P00A-025E+00.pgm;33
yaleB34/yaleB34_P00A-035E+15.pgm;33
yaleB34/yaleB34_P00A-035E+40.pgm;33
yaleB34/yaleB34_P00A-035E+65.pgm;33
yaleB34/yaleB34_P00A-035E-20.pgm;33
yaleB34/yaleB34_P00A-050E+00.pgm;33
yaleB34/yaleB34_P00A-050E-40.pgm;33
yaleB34/yaleB34_P00A-060E+20.pgm;33
yaleB34/yaleB34_P00A-060E-20.pgm;33
yaleB34/yaleB34_P00A-070E+00.pgm;33
yaleB34/yaleB34_P00A-070E+45.pgm;33
yaleB34/yaleB34_P00A-070E-35.pgm;33
yaleB34/yaleB34_P00A-085E+20.pgm;33
yaleB34/yaleB34_P00A-085E-20.pgm;33
yaleB34/yaleB34_P00A-095E+00.pgm;33
yaleB34/yaleB34_P00A-110E+15.pgm;33
yaleB34/yaleB34_P00A-110E+40.pgm;33
yaleB34/yaleB34_P00A-110E+65.pgm;33
yaleB34/yaleB34_P00A-110E-20.pgm;33
yaleB34/yaleB34_P00A-120E+00.pgm;33
yaleB34/yaleB34_P00A-130E+20.pgm;33
yaleB34/yaleB34_P00_Ambient.pgm;33
yaleB35/yaleB35_P00A+000E+00.pgm;34
yaleB35/yaleB35_P00A+000E+20.pgm;34
yaleB35/yaleB35_P00A+000E+45.pgm;34
yaleB35/yaleB35_P00A+000E+90.pgm;34
yaleB35/yaleB35_P00A+000E-20.pgm;34
yaleB35/yaleB35_P00A+000E-35.pgm;34
yaleB35/yaleB35_P00A+005E+10.pgm;34
yaleB35/yaleB35_P00A+005E-10.pgm;34
yaleB35/yaleB35_P00A+010E+00.pgm;34
yaleB35/yaleB35_P00A+010E-20.pgm;34
yaleB35/yaleB35_P00A+015E+20.pgm;34
yaleB35/yaleB35_P00A+020E+10.pgm;34
yaleB35/yaleB35_P00A+020E-10.pgm;34
yaleB35/yaleB35_P00A+020E-40.pgm;34
yaleB35/yaleB35_P00A+025E+00.pgm;34
yaleB35/yaleB35_P00A+035E+15.pgm;34
yaleB35/yaleB35_P00A+035E+40.pgm;34
yaleB35/yaleB35_P00A+035E+65.pgm;34
yaleB35/yaleB35_P00A+035E-20.pgm;34
yaleB35/yaleB35_P00A+050E+00.pgm;34
yaleB35/yaleB35_P00A+050E-40.pgm;34
yaleB35/yaleB35_P00A+060E+20.pgm;34
yaleB35/yaleB35_P00A+060E-20.pgm;34
yaleB35/yaleB35_P00A+070E+00.pgm;34
yaleB35/yaleB35_P00A+070E+45.pgm;34
yaleB35/yaleB35_P00A+070E-35.pgm;34
yaleB35/yaleB35_P00A+085E+20.pgm;34
yaleB35/yaleB35_P00A+085E-20.pgm;34
yaleB35/yaleB35_P00A+095E+00.pgm;34
yaleB35/yaleB35_P00A+110E+15.pgm;34
yaleB35/yaleB35_P00A+110E+40.pgm;34
yaleB35/yaleB35_P00A+110E+65.pgm;34
yaleB35/yaleB35_P00A+110E-20.pgm;34
yaleB35/yaleB35_P00A+120E+00.pgm;34
yaleB35/yaleB35_P00A+130E+20.pgm;34
yaleB35/yaleB35_P00A-005E+10.pgm;34
yaleB35/yaleB35_P00A-005E-10.pgm;34
yaleB35/yaleB35_P00A-010E+00.pgm;34
yaleB35/yaleB35_P00A-010E-20.pgm;34
yaleB35/yaleB35_P00A-015E+20.pgm;34
yaleB35/yaleB35_P00A-020E+10.pgm;34
yaleB35/yaleB35_P00A-020E-10.pgm;34
yaleB35/yaleB35_P00A-020E-40.pgm;34
yaleB35/yaleB35_P00A-025E+00.pgm;34
yaleB35/yaleB35_P00A-035E+15.pgm;34
yaleB35/yaleB35_P00A-035E+40.pgm;34
yaleB35/yaleB35_P00A-035E+65.pgm;34
yaleB35/yaleB35_P00A-035E-20.pgm;34
yaleB35/yaleB35_P00A-050E+00.pgm;34
yaleB35/yaleB35_P00A-050E-40.pgm;34
yaleB35/yaleB35_P00A-060E+20.pgm;34
yaleB35/yaleB35_P00A-060E-20.pgm;34
yaleB35/yaleB35_P00A-070E+00.pgm;34
yaleB35/yaleB35_P00A-070E+45.pgm;34
yaleB35/yaleB35_P00A-070E-35.pgm;34
yaleB35/yaleB35_P00A-085E+20.pgm;34
yaleB35/yaleB35_P00A-085E-20.pgm;34
yaleB35/yaleB35_P00A-095E+00.pgm;34
yaleB35/yaleB35_P00A-110E+15.pgm;34
yaleB35/yaleB35_P00A-110E+40.pgm;34
yaleB35/yaleB35_P00A-110E+65.pgm;34
yaleB35/yaleB35_P00A-110E-20.pgm;34
yaleB35/yaleB35_P00A-120E+00.pgm;34
yaleB35/yaleB35_P00A-130E+20.pgm;34
yaleB35/yaleB35_P00_Ambient.pgm;34
yaleB36/yaleB36_P00A+000E+00.pgm;35
yaleB36/yaleB36_P00A+000E+20.pgm;35
yaleB36/yaleB36_P00A+000E+45.pgm;35
yaleB36/yaleB36_P00A+000E+90.pgm;35
yaleB36/yaleB36_P00A+000E-20.pgm;35
yaleB36/yaleB36_P00A+000E-35.pgm;35
yaleB36/yaleB36_P00A+005E+10.pgm;35
yaleB36/yaleB36_P00A+005E-10.pgm;35
yaleB36/yaleB36_P00A+010E+00.pgm;35
yaleB36/yaleB36_P00A+010E-20.pgm;35
yaleB36/yaleB36_P00A+015E+20.pgm;35
yaleB36/yaleB36_P00A+020E+10.pgm;35
yaleB36/yaleB36_P00A+020E-10.pgm;35
yaleB36/yaleB36_P00A+020E-40.pgm;35
yaleB36/yaleB36_P00A+025E+00.pgm;35
yaleB36/yaleB36_P00A+035E+15.pgm;35
yaleB36/yaleB36_P00A+035E+40.pgm;35
yaleB36/yaleB36_P00A+035E+65.pgm;35
yaleB36/yaleB36_P00A+035E-20.pgm;35
yaleB36/yaleB36_P00A+050E+00.pgm;35
yaleB36/yaleB36_P00A+050E-40.pgm;35
yaleB36/yaleB36_P00A+060E+20.pgm;35
yaleB36/yaleB36_P00A+060E-20.pgm;35
yaleB36/yaleB36_P00A+070E+00.pgm;35
yaleB36/yaleB36_P00A+070E+45.pgm;35
yaleB36/yaleB36_P00A+070E-35.pgm;35
yaleB36/yaleB36_P00A+085E+20.pgm;35
yaleB36/yaleB36_P00A+085E-20.pgm;35
yaleB36/yaleB36_P00A+095E+00.pgm;35
yaleB36/yaleB36_P00A+110E+15.pgm;35
yaleB36/yaleB36_P00A+110E+40.pgm;35
yaleB36/yaleB36_P00A+110E+65.pgm;35
yaleB36/yaleB36_P00A+110E-20.pgm;35
yaleB36/yaleB36_P00A+120E+00.pgm;35
yaleB36/yaleB36_P00A+130E+20.pgm;35
yaleB36/yaleB36_P00A-005E+10.pgm;35
yaleB36/yaleB36_P00A-005E-10.pgm;35
yaleB36/yaleB36_P00A-010E+00.pgm;35
yaleB36/yaleB36_P00A-010E-20.pgm;35
yaleB36/yaleB36_P00A-015E+20.pgm;35
yaleB36/yaleB36_P00A-020E+10.pgm;35
yaleB36/yaleB36_P00A-020E-10.pgm;35
yaleB36/yaleB36_P00A-020E-40.pgm;35
yaleB36/yaleB36_P00A-025E+00.pgm;35
yaleB36/yaleB36_P00A-035E+15.pgm;35
yaleB36/yaleB36_P00A-035E+40.pgm;35
yaleB36/yaleB36_P00A-035E+65.pgm;35
yaleB36/yaleB36_P00A-035E-20.pgm;35
yaleB36/yaleB36_P00A-050E+00.pgm;35
yaleB36/yaleB36_P00A-050E-40.pgm;35
yaleB36/yaleB36_P00A-060E+20.pgm;35
yaleB36/yaleB36_P00A-060E-20.pgm;35
yaleB36/yaleB36_P00A-070E+00.pgm;35
yaleB36/yaleB36_P00A-070E+45.pgm;35
yaleB36/yaleB36_P00A-070E-35.pgm;35
yaleB36/yaleB36_P00A-085E+20.pgm;35
yaleB36/yaleB36_P00A-085E-20.pgm;35
yaleB36/yaleB36_P00A-095E+00.pgm;35
yaleB36/yaleB36_P00A-110E+15.pgm;35
yaleB36/yaleB36_P00A-110E+40.pgm;35
yaleB36/yaleB36_P00A-110E+65.pgm;35
yaleB36/yaleB36_P00A-110E-20.pgm;35
yaleB36/yaleB36_P00A-120E+00.pgm;35
yaleB36/yaleB36_P00A-130E+20.pgm;35
yaleB36/yaleB36_P00_Ambient.pgm;35
yaleB37/yaleB37_P00A+000E+00.pgm;36
yaleB37/yaleB37_P00A+000E+20.pgm;36
yaleB37/yaleB37_P00A+000E+45.pgm;36
yaleB37/yaleB37_P00A+000E+90.pgm;36
yaleB37/yaleB37_P00A+000E-20.pgm;36
yaleB37/yaleB37_P00A+000E-35.pgm;36
yaleB37/yaleB37_P00A+005E+10.pgm;36
yaleB37/yaleB37_P00A+005E-10.pgm;36
yaleB37/yaleB37_P00A+010E+00.pgm;36
yaleB37/yaleB37_P00A+010E-20.pgm;36
yaleB37/yaleB37_P00A+015E+20.pgm;36
yaleB37/yaleB37_P00A+020E+10.pgm;36
yaleB37/yaleB37_P00A+020E-10.pgm;36
yaleB37/yaleB37_P00A+020E-40.pgm;36
yaleB37/yaleB37_P00A+025E+00.pgm;36
yaleB37/yaleB37_P00A+035E+15.pgm;36
yaleB37/yaleB37_P00A+035E+40.pgm;36
yaleB37/yaleB37_P00A+035E+65.pgm;36
yaleB37/yaleB37_P00A+035E-20.pgm;36
yaleB37/yaleB37_P00A+050E+00.pgm;36
yaleB37/yaleB37_P00A+050E-40.pgm;36
yaleB37/yaleB37_P00A+060E+20.pgm;36
yaleB37/yaleB37_P00A+060E-20.pgm;36
yaleB37/yaleB37_P00A+070E+00.pgm;36
yaleB37/yaleB37_P00A+070E+45.pgm;36
yaleB37/yaleB37_P00A+070E-35.pgm;36
yaleB37/yaleB37_P00A+085E+20.pgm;36
yaleB37/yaleB37_P00A+085E-20.pgm;36
yaleB37/yaleB37_P00A+095E+00.pgm;36
yaleB37/yaleB37_P00A+110E+15.pgm;36
yaleB37/yaleB37_P00A+110E+40.pgm;36
yaleB37/yaleB37_P00A+110E+65.pgm;36
yaleB37/yaleB37_P00A+110E-20.pgm;36
yaleB37/yaleB37_P00A+120E+00.pgm;36
yaleB37/yaleB37_P00A+130E+20.pgm;36
yaleB37/yaleB37_P00A-005E+10.pgm;36
yaleB37/yaleB37_P00A-005E-10.pgm;36
yaleB37/yaleB37_P00A-010E+00.pgm;36
yaleB37/yaleB37_P00A-010E-20.pgm;36
yaleB37/yaleB37_P00A-015E+20.pgm;36
yaleB37/yaleB37_P00A-020E+10.pgm;36
yaleB37/yaleB37_P00A-020E-10.pgm;36
yaleB37/yaleB37_P00A-020E-40.pgm;36
yaleB37/yaleB37_P00A-025E+00.pgm;36
yaleB37/yaleB37_P00A-035E+15.pgm;36
yaleB37/yaleB37_P00A-035E+40.pgm;36
yaleB37/yaleB37_P00A-035E+65.pgm;36
yaleB37/yaleB37_P00A-035E-20.pgm;36
yaleB37/yaleB37_P00A-050E+00.pgm;36
yaleB37/yaleB37_P00A-050E-40.pgm;36
yaleB37/yaleB37_P00A-060E+20.pgm;36
yaleB37/yaleB37_P00A-060E-20.pgm;36
yaleB37/yaleB37_P00A-070E+00.pgm;36
yaleB37/yaleB37_P00A-070E+45.pgm;36
yaleB37/yaleB37_P00A-070E-35.pgm;36
yaleB37/yaleB37_P00A-085E+20.pgm;36
yaleB37/yaleB37_P00A-085E-20.pgm;36
yaleB37/yaleB37_P00A-095E+00.pgm;36
yaleB37/yaleB37_P00A-110E+15.pgm;36
yaleB37/yaleB37_P00A-110E+40.pgm;36
yaleB37/yaleB37_P00A-110E+65.pgm;36
yaleB37/yaleB37_P00A-110E-20.pgm;36
yaleB37/yaleB37_P00A-120E+00.pgm;36
yaleB37/yaleB37_P00A-130E+20.pgm;36
yaleB37/yaleB37_P00_Ambient.pgm;36
yaleB38/yaleB38_P00A+000E+00.pgm;37
yaleB38/yaleB38_P00A+000E+20.pgm;37
yaleB38/yaleB38_P00A+000E+45.pgm;37
yaleB38/yaleB38_P00A+000E+90.pgm;37
yaleB38/yaleB38_P00A+000E-20.pgm;37
yaleB38/yaleB38_P00A+000E-35.pgm;37
yaleB38/yaleB38_P00A+005E+10.pgm;37
yaleB38/yaleB38_P00A+005E-10.pgm;37
yaleB38/yaleB38_P00A+010E+00.pgm;37
yaleB38/yaleB38_P00A+010E-20.pgm;37
yaleB38/yaleB38_P00A+015E+20.pgm;37
yaleB38/yaleB38_P00A+020E+10.pgm;37
yaleB38/yaleB38_P00A+020E-10.pgm;37
yaleB38/yaleB38_P00A+020E-40.pgm;37
yaleB38/yaleB38_P00A+025E+00.pgm;37
yaleB38/yaleB38_P00A+035E+15.pgm;37
yaleB38/yaleB38_P00A+035E+40.pgm;37
yaleB38/yaleB38_P00A+035E+65.pgm;37
yaleB38/yaleB38_P00A+035E-20.pgm;37
yaleB38/yaleB38_P00A+050E+00.pgm;37
yaleB38/yaleB38_P00A+050E-40.pgm;37
yaleB38/yaleB38_P00A+060E+20.pgm;37
yaleB38/yaleB38_P00A+060E-20.pgm;37
yaleB38/yaleB38_P00A+070E+00.pgm;37
yaleB38/yaleB38_P00A+070E+45.pgm;37
yaleB38/yaleB38_P00A+070E-35.pgm;37
yaleB38/yaleB38_P00A+085E+20.pgm;37
yaleB38/yaleB38_P00A+085E-20.pgm;37
yaleB38/yaleB38_P00A+095E+00.pgm;37
yaleB38/yaleB38_P00A+110E+15.pgm;37
yaleB38/yaleB38_P00A+110E+40.pgm;37
yaleB38/yaleB38_P00A+110E+65.pgm;37
yaleB38/yaleB38_P00A+110E-20.pgm;37
yaleB38/yaleB38_P00A+120E+00.pgm;37
yaleB38/yaleB38_P00A+130E+20.pgm;37
yaleB38/yaleB38_P00A-005E+10.pgm;37
yaleB38/yaleB38_P00A-005E-10.pgm;37
yaleB38/yaleB38_P00A-010E+00.pgm;37
yaleB38/yaleB38_P00A-010E-20.pgm;37
yaleB38/yaleB38_P00A-015E+20.pgm;37
yaleB38/yaleB38_P00A-020E+10.pgm;37
yaleB38/yaleB38_P00A-020E-10.pgm;37
yaleB38/yaleB38_P00A-020E-40.pgm;37
yaleB38/yaleB38_P00A-025E+00.pgm;37
yaleB38/yaleB38_P00A-035E+15.pgm;37
yaleB38/yaleB38_P00A-035E+40.pgm;37
yaleB38/yaleB38_P00A-035E+65.pgm;37
yaleB38/yaleB38_P00A-035E-20.pgm;37
yaleB38/yaleB38_P00A-050E+00.pgm;37
yaleB38/yaleB38_P00A-050E-40.pgm;37
yaleB38/yaleB38_P00A-060E+20.pgm;37
yaleB38/yaleB38_P00A-060E-20.pgm;37
yaleB38/yaleB38_P00A-070E+00.pgm;37
yaleB38/yaleB38_P00A-070E+45.pgm;37
yaleB38/yaleB38_P00A-070E-35.pgm;37
yaleB38/yaleB38_P00A-085E+20.pgm;37
yaleB38/yaleB38_P00A-085E-20.pgm;37
yaleB38/yaleB38_P00A-095E+00.pgm;37
yaleB38/yaleB38_P00A-110E+15.pgm;37
yaleB38/yaleB38_P00A-110E+40.pgm;37
yaleB38/yaleB38_P00A-110E+65.pgm;37
yaleB38/yaleB38_P00A-110E-20.pgm;37
yaleB38/yaleB38_P00A-120E+00.pgm;37
yaleB38/yaleB38_P00A-130E+20.pgm;37
yaleB38/yaleB38_P00_Ambient.pgm;37
yaleB39/yaleB39_P00A+000E+00.pgm;38
yaleB39/yaleB39_P00A+000E+20.pgm;38
yaleB39/yaleB39_P00A+000E+45.pgm;38
yaleB39/yaleB39_P00A+000E+90.pgm;38
yaleB39/yaleB39_P00A+000E-20.pgm;38
yaleB39/yaleB39_P00A+000E-35.pgm;38
yaleB39/yaleB39_P00A+005E+10.pgm;38
yaleB39/yaleB39_P00A+005E-10.pgm;38
yaleB39/yaleB39_P00A+010E+00.pgm;38
yaleB39/yaleB39_P00A+010E-20.pgm;38
yaleB39/yaleB39_P00A+015E+20.pgm;38
yaleB39/yaleB39_P00A+020E+10.pgm;38
yaleB39/yaleB39_P00A+020E-10.pgm;38
yaleB39/yaleB39_P00A+020E-40.pgm;38
yaleB39/yaleB39_P00A+025E+00.pgm;38
yaleB39/yaleB39_P00A+035E+15.pgm;38
yaleB39/yaleB39_P00A+035E+40.pgm;38
yaleB39/yaleB39_P00A+035E+65.pgm;38
yaleB39/yaleB39_P00A+035E-20.pgm;38
yaleB39/yaleB39_P00A+050E+00.pgm;38
yaleB39/yaleB39_P00A+050E-40.pgm;38
yaleB39/yaleB39_P00A+060E+20.pgm;38
yaleB39/yaleB39_P00A+060E-20.pgm;38
yaleB39/yaleB39_P00A+070E+00.pgm;38
yaleB39/yaleB39_P00A+070E+45.pgm;38
yaleB39/yaleB39_P00A+070E-35.pgm;38
yaleB39/yaleB39_P00A+085E+20.pgm;38
yaleB39/yaleB39_P00A+085E-20.pgm;38
yaleB39/yaleB39_P00A+095E+00.pgm;38
yaleB39/yaleB39_P00A+110E+15.pgm;38
yaleB39/yaleB39_P00A+110E+40.pgm;38
yaleB39/yaleB39_P00A+110E+65.pgm;38
yaleB39/yaleB39_P00A+110E-20.pgm;38
yaleB39/yaleB39_P00A+120E+00.pgm;38
yaleB39/yaleB39_P00A+130E+20.pgm;38
yaleB39/yaleB39_P00A-005E+10.pgm;38
yaleB39/yaleB39_P00A-005E-10.pgm;38
yaleB39/yaleB39_P00A-010E+00.pgm;38
yaleB39/yaleB39_P00A-010E-20.pgm;38
yaleB39/yaleB39_P00A-015E+20.pgm;38
yaleB39/yaleB39_P00A-020E+10.pgm;38
yaleB39/yaleB39_P00A-020E-10.pgm;38
yaleB39/yaleB39_P00A-020E-40.pgm;38
yaleB39/yaleB39_P00A-025E+00.pgm;38
yaleB39/yaleB39_P00A-035E+15.pgm;38
yaleB39/yaleB39_P00A-035E+40.pgm;38
yaleB39/yaleB39_P00A-035E+65.pgm;38
yaleB39/yaleB39_P00A-035E-20.pgm;38
yaleB39/yaleB39_P00A-050E+00.pgm;38
yaleB39/yaleB39_P00A-050E-40.pgm;38
yaleB39/yaleB39_P00A-060E+20.pgm;38
yaleB39/yaleB39_P00A-060E-20.pgm;38
yaleB39/yaleB39_P00A-070E+00.pgm;38
yaleB39/yaleB39_P00A-070E+45.pgm;38
yaleB39/yaleB39_P00A-070E-35.pgm;38
yaleB39/yaleB39_P00A-085E+20.pgm;38
yaleB39/yaleB39_P00A-085E-20.pgm;38
yaleB39/yaleB39_P00A-095E+00.pgm;38
yaleB39/yaleB39_P00A-110E+15.pgm;38
yaleB39/yaleB39_P00A-110E+40.pgm;38
yaleB39/yaleB39_P00A-110E+65.pgm;38
yaleB39/yaleB39_P00A-110E-20.pgm;38
yaleB39/yaleB39_P00A-120E+00.pgm;38
yaleB39/yaleB39_P00A-130E+20.pgm;38
yaleB39/yaleB39_P00_Ambient.pgm;38
